"id_link","node_in","node_out","classe","origem","comp_m","cota_in","cota_out","decl_pct","diam_m","obs","bacia","ID_LINK_ORIG","ID_LINK_SEG","META_ID","META_ORIG","SELECAO_REC","COMP_REC_M","PERC_LINK_REC","X_IN_REC","Y_IN_REC","X_OUT_REC","Y_OUT_REC"
"L_A_0001","N_A_0001","N_A_0002","COLETOR","ColetarA6_F001",198.566638362293,113.263748168945,107.10474395752,3.10173162129503,0.6,"DECLIVE_MDE","A","L_A_0001","L_A_0001_FORA_01","","","DIFERENCA_FORA_POLIGONOS_AUDITORIA",198.566638362459,100,289131.35020608,9196722.47288208,289100.017775717,9196918.31726132
"L_A_0002","N_A_0003","N_A_0004","COLETOR","ColetarA6_F002",211.833318518035,111.079216003418,103.988952636719,3.34709545047116,0.6,"DECLIVE_MDE","A","L_A_0002","L_A_0002_FORA_01","","","DIFERENCA_FORA_POLIGONOS_AUDITORIA",211.833318518063,100,289062.840624617,9196717.67509471,289029.576449262,9196926.84267435
"L_A_0003","N_A_0005","N_A_0006","COLETOR","ColetarA6_F003",188.047791229528,109.448501586914,96.2129516601562,7.03839690975296,0.6,"DECLIVE_MDE","A","L_A_0003","L_A_0003_FORA_01","","","DIFERENCA_FORA_POLIGONOS_AUDITORIA",188.047791229444,100,288990.450479835,9196719.79176561,288962.987416047,9196905.81726133
"L_A_0004","N_A_0007","N_A_0008","COLETOR","ColetarA6_F004",189.502007387117,105.006538391113,88.8239440917969,8.5395371386533,0.6,"DECLIVE_MDE","A","L_A_0004","L_A_0004_FORA_01","","","DIFERENCA_FORA_POLIGONOS_AUDITORIA",189.502007387169,100,288918.907003415,9196713.44175291,288892.061268427,9196901.02480514
"L_A_0005","N_A_0009","N_A_0008","COLETOR","ColetarA6_F004",2.92766735975756,89.0162124633789,88.8239440917969,6.56728883290734,0.6,"DECLIVE_MDE","A","L_A_0005","L_A_0005_FORA_01","","","DIFERENCA_FORA_POLIGONOS_AUDITORIA",2.92766735975467,100,288892.046773809,9196903.95243662,288892.061268427,9196901.02480514
"L_A_0006","N_A_0010","N_A_0011","COLETOR","ColetarA6_F005",178.290547764267,93.8661346435547,81.7751541137695,6.7816161212156,0.6,"DECLIVE_MDE","A","L_A_0006","L_A_0006_FORA_01","","","DIFERENCA_FORA_POLIGONOS_AUDITORIA",178.290547764226,100,288846.834359268,9196711.21924846,288819.838933488,9196887.39904052
"L_A_0007","N_A_0012","N_A_0013","COLETOR","ColetarA6_F006",164.494519434598,81.2002029418945,79.2955017089844,1.15791166748716,0.6,"DECLIVE_MDE","A","L_A_0007","L_A_0007_FORA_01","","","DIFERENCA_FORA_POLIGONOS_AUDITORIA",164.494519434601,100,288773.456434731,9196709.31424466,288768.059772323,9196873.72006608
"L_A_0008","N_A_0013","N_A_0014","COLETOR","ColetarA6_F006",2.09844307419512,79.2955017089844,79.2955017089844,0,0.6,"DIRECAO_ORIGINAL_COTA_IGUAL","A","L_A_0008","L_A_0008_FORA_01","","","DIFERENCA_FORA_POLIGONOS_AUDITORIA",2.09844307421519,100,288768.059772323,9196873.72006608,288767.987416046,9196875.81726133
"L_A_0009","N_A_0016","N_A_0015","COLETOR","ColetarA6_F007",149.969387235642,71.3307342529297,68.9187088012695,1.60834520705897,0.6,"DECLIVE_MDE","A","L_A_0009","L_A_0009_FORA_01","","","DIFERENCA_FORA_POLIGONOS_AUDITORIA",149.969387235412,100,288683.04962771,9196832.80082424,288657.886203591,9196686.1366983
"L_A_0010","N_A_0017","N_A_0018","COLETOR","ColetarA6_F008",171.948853588971,63.0862464904785,56.698802947998,3.71473459064118,0.6,"DECLIVE_MDE","A","L_A_0010","L_A_0010_FORA_01","","","DIFERENCA_FORA_POLIGONOS_AUDITORIA",171.948853588593,100,288588.565231614,9196674.70667545,288530.808197817,9196775.83381751
"L_A_0011","N_A_0018","N_A_0019","COLETOR","ColetarA6_F008",64.2468794775509,56.698802947998,54.3223686218262,3.69891011905449,0.6,"DECLIVE_MDE","A","L_A_0011","L_A_0011_FORA_01","","","DIFERENCA_FORA_POLIGONOS_AUDITORIA",64.2468794777245,100,288530.808197817,9196775.83381751,288490.558435729,9196808.74015749
"L_A_0012","N_A_0020","N_A_0018","COLETOR","ColetarA6_F009",104.016575345054,58.6630172729492,56.698802947998,1.88836665544437,0.6,"DECLIVE_MDE","A","L_A_0012","L_A_0012_FORA_01","","","DIFERENCA_FORA_POLIGONOS_AUDITORIA",104.016575345054,100,288518.185924188,9196672.59000454,288530.808197817,9196775.83381751
"L_A_0013","N_A_0021","N_A_0022","COLETOR","ColetarA6_F010",219.602083244013,56.262020111084,45.7377471923828,4.79242854313318,0.6,"DECLIVE_MDE","A","L_A_0013","L_A_0013_FORA_01","","","DIFERENCA_FORA_POLIGONOS_AUDITORIA",219.602083243787,100,288443.890775596,9196676.29417862,288313.101680684,9196746.14431832
"L_A_0014","N_A_0023","N_A_0024","COLETOR","ColetorA1_F001",40.6744197644776,118.899314880371,116.565780639648,5.73710517380414,0.6,"DECLIVE_MDE","A","L_A_0014","L_A_0014_FORA_01","","","DIFERENCA_FORA_POLIGONOS_AUDITORIA",40.6744197642599,100,289031.07741134,9196193.31726132,288993.046929476,9196207.74261651
"L_A_0015","N_A_0024","N_A_0025","COLETOR","ColetorA1_F001",70.6609911877578,116.565780639648,112.765724182129,5.37787029822743,0.6,"DECLIVE_MDE","A","L_A_0015","L_A_0015_FORA_01","","","DIFERENCA_FORA_POLIGONOS_AUDITORIA",70.6609911883038,100,288993.046929476,9196207.74261651,288926.768828453,9196232.24137159
"L_A_0016","N_A_0025","N_A_0026","COLETOR","ColetorA1_F001",73.3844882456675,112.765724182129,107.722671508789,6.87209626162049,0.6,"DECLIVE_MDE","A","L_A_0016","L_A_0016_FORA_01","","","DIFERENCA_FORA_POLIGONOS_AUDITORIA",73.3844882455042,100,288926.768828453,9196232.24137159,288857.923106229,9196257.64868153
"L_A_0017","N_A_0026","N_A_0027","COLETOR","ColetorA1_F001",71.7160676868277,107.722671508789,101.902168273926,8.11603790140929,0.6,"DECLIVE_MDE","A","L_A_0017","L_A_0017_FORA_01","","","DIFERENCA_FORA_POLIGONOS_AUDITORIA",71.7160676874846,100,288857.923106229,9196257.64868153,288790.481524346,9196282.0377651
"L_A_0018","N_A_0028","N_A_0027","COLETOR","ColetorA1_F001",167.451946428741,102.05509185791,101.902168273926,0.091323861708261,0.6,"DECLIVE_MDE","A","L_A_0018","L_A_0018_FORA_01","","","DIFERENCA_FORA_POLIGONOS_AUDITORIA",167.451946427882,100,288720.304057525,9196130.00768655,288790.481524346,9196282.0377651
"L_A_0019","N_A_0030","N_A_0029","COLETOR","ColetorA2_F001",24.6936366537631,108.54859161377,107.189849853516,5.50239634325731,0.6,"DECLIVE_MDE","A","L_A_0019","L_A_0019_FORA_01","","","DIFERENCA_FORA_POLIGONOS_AUDITORIA",24.6936366535712,100,288842.812658503,9196228.31726132,288852.987416048,9196250.81726133
"L_A_0020","N_A_0031","N_A_0032","COLETOR","ColetorA2_F002",28.8184421308106,112.370597839355,111.362693786621,3.49742726605196,0.6,"DECLIVE_MDE","A","L_A_0020","L_A_0020_FORA_01","","","DIFERENCA_FORA_POLIGONOS_AUDITORIA",28.8184421309352,100,288922.879289142,9196224.35848308,288910.535976127,9196198.31726132
"L_A_0021","N_A_0033","N_A_0034","COLETOR","ColetorA2_F003",8.91748422877036,116.55980682373,116.15007019043,4.5947559063671,0.6,"DECLIVE_MDE","A","L_A_0021","L_A_0021_FORA_01","","","DIFERENCA_FORA_POLIGONOS_AUDITORIA",8.91748422888617,100,288993.999431383,9196201.49843736,288990.45120879,9196193.31726132
"L_A_0022","N_A_0035","N_A_0036","COLETOR","ColetorA2_F004",36.0206495622448,117.484367370605,117.385841369629,0.273526441565987,0.6,"DECLIVE_MDE","A","L_A_0022","L_A_0022_FORA_01","","","DIFERENCA_FORA_POLIGONOS_AUDITORIA",36.0206495621953,100,289030.796310918,9196088.31726132,289015.487416046,9196055.71166468
"L_A_0023","N_A_0037","N_A_0038","COLETOR","ColetorA4_F001",242.075207670509,123.538314819336,121.115417480469,1.00088619655963,0.6,"DECLIVE_MDE","A","L_A_0023","L_A_0023_FORA_01","","","DIFERENCA_FORA_POLIGONOS_AUDITORIA",242.075207670036,100,289200.392483053,9196346.19935176,289071.577468144,9196178.31726132
"L_A_0024","N_A_0039","N_A_0024","COLETOR","ColetorA4_F002",178.15379374322,118.159278869629,116.565780639648,0.894450910361886,0.6,"DECLIVE_MDE","A","L_A_0024","L_A_0024_FORA_01","","","DIFERENCA_FORA_POLIGONOS_AUDITORIA",178.15379374311,100,289071.593058788,9196367.4718943,288993.046929476,9196207.74261651
"L_A_0025","N_A_0040","N_A_0025","COLETOR","ColetorA4_F003",190.681523583664,115.66951751709,112.765724182129,1.52284987049984,0.6,"DECLIVE_MDE","A","L_A_0025","L_A_0025_FORA_01","","","DIFERENCA_FORA_POLIGONOS_AUDITORIA",190.681523583686,100,289004.917925437,9196406.10113823,288926.768828453,9196232.24137159
"L_A_0026","N_A_0041","N_A_0026","COLETOR","ColetorA4_F004",206.03538824408,111.722068786621,107.722671508789,1.94112152864446,0.6,"DECLIVE_MDE","A","L_A_0026","L_A_0026_FORA_01","","","DIFERENCA_FORA_POLIGONOS_AUDITORIA",206.035388244253,100,288946.074474419,9196443.70732455,288857.923106229,9196257.64868153
"L_A_0027","N_A_0027","N_A_0042","COLETOR","ColetorA4_F005",218.668310050727,101.902168273926,100.910041809082,0.453712961248749,0.6,"DECLIVE_MDE","A","L_A_0027","L_A_0027_FORA_01","","","DIFERENCA_FORA_POLIGONOS_AUDITORIA",218.668310051095,100,288790.481524346,9196282.0377651,288883.650321791,9196479.81420232
"L_A_0028","N_A_0044","N_A_0043","COLETOR","ColetorA4_F006",411.239131054185,96.9080123901367,88.6134872436523,2.01695911700375,0.6,"DECLIVE_MDE","A","L_A_0028","L_A_0028_FORA_01","","","DIFERENCA_FORA_POLIGONOS_AUDITORIA",404.661372855576,98.4005028456958,288656.924074196,9196160.0617532,288828.722711936,9196525.85179439
"L_A_0029","N_A_0045","N_A_0046","COLETOR","ColetorA5_F001",485.379206490881,121.135322570801,102.449203491211,3.84979801971408,0.6,"DECLIVE_MDE","A","L_A_0029","L_A_0029_FORA_01","","","DIFERENCA_FORA_POLIGONOS_AUDITORIA",485.379206490767,100,289255.295398414,9196694.37054809,288891.617872243,9196494.26517192
"L_A_0030","N_A_0047","N_A_0048","COLETOR","ColetorA5_F002",299.108264454139,113.239074707031,111.69416809082,0.516504155787982,0.6,"DECLIVE_MDE","A","L_A_0030","L_A_0030_FORA_01","","","DIFERENCA_FORA_POLIGONOS_AUDITORIA",299.108264454272,100,289112.987416047,9196705.81726133,288950.327263547,9196454.90320401
"L_A_0031","N_A_0049","N_A_0050","COLETOR","ColetorA5_F003",331.632563829761,117.243965148926,115.538299560547,0.514323915806558,0.6,"DECLIVE_MDE","A","L_A_0031","L_A_0031_FORA_01","","","DIFERENCA_FORA_POLIGONOS_AUDITORIA",331.632563829809,100,289183.187476422,9196697.86305508,289009.139313913,9196416.65822029
"L_A_0032","N_A_0051","N_A_0052","COLETOR","ColetorA5_F004",358.876981203115,121.212028503418,118.156799316406,0.851330496809584,0.6,"DECLIVE_MDE","A","L_A_0032","L_A_0032_FORA_01","","","DIFERENCA_FORA_POLIGONOS_AUDITORIA",358.876981203041,100,289252.931782575,9196685.16302968,289077.353666323,9196373.64957399
"L_A_0033","N_A_0053","N_A_0054","COLETOR","ColetorA5_F005",344.742195468778,110.211059570312,76.9588165283203,9.64553903730178,0.6,"DECLIVE_MDE","A","L_A_0033","L_A_0033_FORA_01","","","DIFERENCA_FORA_POLIGONOS_AUDITORIA",344.742195467719,100,289022.002987385,9196710.1397463,288720.694619674,9196621.19423572
"L_A_0034","N_A_0055","N_A_0056","COLETOR","ColetorA5_F006",197.65923903122,106.616134643555,89.7758102416992,8.51987718074517,0.6,"DECLIVE_MDE","A","L_A_0034","L_A_0034_FORA_01","","","DIFERENCA_FORA_POLIGONOS_AUDITORIA",197.659239031209,100,288938.394486835,9196700.19139307,288832.32604863,9196533.40689714
"L_A_0035","N_A_0057","N_A_0058","COLETOR","ColetorA5_F007",298.275013703189,92.4016265869141,60.4796447753906,10.7021977520681,0.6,"DECLIVE_MDE","A","L_A_0035","L_A_0035_FORA_01","","","DIFERENCA_FORA_POLIGONOS_AUDITORIA",298.275013703013,100,288839.545955803,9196702.55500891,288544.16426661,9196662.15181763
"L_A_0036","N_A_0059","N_A_0060","COLETOR","ColetorA7_F001",52.9021424876687,55.2102584838867,54.1409721374512,2.02125338625897,0.6,"DECLIVE_MDE","A","L_A_0036","L_A_0036_FORA_01","","","DIFERENCA_FORA_POLIGONOS_AUDITORIA",52.9021424876516,100,288260.502408818,9196418.88583049,288265.668004717,9196471.5351733
"L_A_0037","N_A_0060","N_A_0061","COLETOR","ColetorA7_F001",139.082830582349,54.1409721374512,47.1436920166016,5.03101647525547,0.6,"DECLIVE_MDE","A","L_A_0037","L_A_0037_FORA_01","","","DIFERENCA_FORA_POLIGONOS_AUDITORIA",139.08283058302,100,288265.668004717,9196471.5351733,288274.149644459,9196605.59948721
"L_A_0038","N_A_0062","N_A_0063","COLETOR","ColetorA7_F002",40.4084229115409,55.4600868225098,55.4383506774902,0.0537911243581924,0.6,"DECLIVE_MDE","A","L_A_0038","L_A_0038_FORA_01","","","DIFERENCA_FORA_POLIGONOS_AUDITORIA",40.4084229115582,100,288186.948095041,9196436.34836541,288192.977593113,9196476.3044137
"L_A_0039","N_A_0063","N_A_0064","COLETOR","ColetorA7_F002",144.396924651356,55.4383506774902,45.6840667724609,6.75518812369505,0.6,"DECLIVE_MDE","A","L_A_0039","L_A_0039_FORA_01","","","DIFERENCA_FORA_POLIGONOS_AUDITORIA",144.396924651486,100,288192.977593113,9196476.3044137,288214.523620305,9196619.08480648
"L_A_0040","N_A_0064","N_A_0065","COLETOR","ColetorA7_F002",2.28988056039229,45.6840667724609,45.6840667724609,0,0.6,"DIRECAO_ORIGINAL_COTA_IGUAL","A","L_A_0040","L_A_0040_FORA_01","","","DIFERENCA_FORA_POLIGONOS_AUDITORIA",2.28988056035755,100,288214.523620305,9196619.08480648,288214.865302297,9196621.3490517
"L_A_0041","N_A_0066","N_A_0067","COLETOR","ColetorA7_F003",40.7306360218221,54.6013336181641,54.5427207946777,0.143903531128081,0.6,"DECLIVE_MDE","A","L_A_0041","L_A_0041_FORA_01","","","DIFERENCA_FORA_POLIGONOS_AUDITORIA",40.7306360217562,100,288118.685458518,9196437.40670086,288125.269699181,9196477.60163195
"L_A_0042","N_A_0067","N_A_0068","COLETOR","ColetorA7_F003",150.080140300802,54.5427207946777,45.4624671936035,6.05026993103479,0.6,"DECLIVE_MDE","A","L_A_0042","L_A_0042_FORA_01","","","DIFERENCA_FORA_POLIGONOS_AUDITORIA",150.080140300867,100,288125.269699181,9196477.60163195,288149.53064522,9196625.70786076
"L_A_0043","N_A_0069","N_A_0070","COLETOR","ColetorA7_F004",213.219008024284,49.9747734069824,40.9395599365234,4.23752720462424,0.6,"DECLIVE_MDE","A","L_A_0043","L_A_0043_FORA_01","","","DIFERENCA_FORA_POLIGONOS_AUDITORIA",213.219008024121,100,288048.35602955,9196475.81726132,288088.229138912,9196685.2748478
"L_A_0044","N_A_0071","N_A_0072","COLETOR","ColetorA7_F005",218.913920060909,46.5200843811035,39.0726318359375,3.40200044980872,0.6,"DECLIVE_MDE","A","L_A_0044","L_A_0044_FORA_01","","","DIFERENCA_FORA_POLIGONOS_AUDITORIA",218.913920061063,100,287974.27558636,9196476.40636219,288012.987416046,9196691.87027713
"L_A_0045","N_A_0073","N_A_0074","COLETOR","ColetorA7_F006",234.201515834011,46.2729873657227,30.9172134399414,6.55665010155809,0.6,"DECLIVE_MDE","A","L_A_0045","L_A_0045_FORA_01","","","DIFERENCA_FORA_POLIGONOS_AUDITORIA",234.201515834477,100,287966.708487893,9196474.13094098,287808.37841912,9196545.81726133
"L_A_0046","N_A_0075","N_A_0074","COLETOR","ColetorA7_F006",70.0019545945831,31.9173793792725,30.9172134399414,1.428768589568,0.6,"DECLIVE_MDE","A","L_A_0046","L_A_0046_FORA_01","","","DIFERENCA_FORA_POLIGONOS_AUDITORIA",70.0019545945945,100,287810.679418494,9196615.7813882,287808.37841912,9196545.81726133
"L_A_0047","N_A_0075","N_A_0076","COLETOR","ColetorA7_F006",72.2958534510804,31.9173793792725,30.389497756958,2.1133737958406,0.6,"DECLIVE_MDE","A","L_A_0047","L_A_0047_FORA_01","","","DIFERENCA_FORA_POLIGONOS_AUDITORIA",72.2958534511414,100,287810.679418494,9196615.7813882,287813.055819474,9196688.03817435
"L_A_0048","N_A_0076","N_A_0077","COLETOR","ColetorA7_F006",75.7955994531471,30.389497756958,29.4541816711426,1.23399787397103,0.6,"DECLIVE_MDE","A","L_A_0048","L_A_0048_FORA_01","","","DIFERENCA_FORA_POLIGONOS_AUDITORIA",75.7955994531592,100,287813.055819474,9196688.03817435,287822.484971287,9196762.55911271
"L_A_0049","N_A_0078","N_A_0071","COLETOR","ColetorA7_F007",66.4921872495067,49.6325912475586,46.5200843811035,4.68101140179919,0.6,"DECLIVE_MDE","A","L_A_0049","L_A_0049_FORA_01","","","DIFERENCA_FORA_POLIGONOS_AUDITORIA",66.492187250438,100,288040.767274897,9196476.1488339,287974.27558636,9196476.40636219
"L_A_0050","N_A_0079","N_A_0069","COLETOR","ColetorA7_F008",68.6155506072602,54.4030265808105,49.9747734069824,6.45371659141007,0.6,"DECLIVE_MDE","A","L_A_0050","L_A_0050_FORA_01","","","DIFERENCA_FORA_POLIGONOS_AUDITORIA",68.6155506074348,100,288116.967427298,9196476.57216808,288048.35602955,9196475.81726132
"L_A_0051","N_A_0080","N_A_0067","COLETOR","ColetorA7_F009",58.3848307946668,55.3755912780762,54.5427207946777,1.42651862146788,0.6,"DECLIVE_MDE","A","L_A_0051","L_A_0051_FORA_01","","","DIFERENCA_FORA_POLIGONOS_AUDITORIA",58.3848307951898,100,288183.557893815,9196474.24383009,288125.269699181,9196477.60163195
"L_A_0052","N_A_0063","N_A_0081","COLETOR","ColetorA7_F010",66.1249103713925,55.4383506774902,54.6522254943848,1.1888487692311,0.6,"DECLIVE_MDE","A","L_A_0052","L_A_0052_FORA_01","","","DIFERENCA_FORA_POLIGONOS_AUDITORIA",66.124910372147,100,288192.977593113,9196476.3044137,288258.911377858,9196471.28049083
"L_A_0053","N_A_0060","N_A_0082","COLETOR","ColetorA7_F011",64.089930856941,54.1409721374512,50.9843406677246,4.92531576726564,0.6,"DECLIVE_MDE","A","L_A_0053","L_A_0053_FORA_01","","","DIFERENCA_FORA_POLIGONOS_AUDITORIA",64.089930857406,100,288265.668004717,9196471.5351733,288329.671686044,9196468.21131803
"L_A_0054","N_A_0083","N_A_0084","COLETOR","ColetorA7_F012",202.894860714929,52.8608665466309,51.3433532714844,0.74793085926342,0.6,"DECLIVE_MDE","A","L_A_0054","L_A_0054_FORA_01","","","DIFERENCA_FORA_POLIGONOS_AUDITORIA",202.894860714473,100,288405.045340123,9196460.81726132,288358.314148069,9196599.89058245
"L_A_0055","N_A_0085","N_A_0084","COLETOR","ColetorA7_F012",69.6906670992238,53.2781181335449,51.3433532714844,2.7762180254436,0.6,"DECLIVE_MDE","A","L_A_0055","L_A_0055_FORA_01","","","DIFERENCA_FORA_POLIGONOS_AUDITORIA",69.6906670992058,100,288369.147054937,9196668.73415303,288358.314148069,9196599.89058245
"L_A_0056","N_A_0087","N_A_0086","COLETOR","ColetorA7_F013",262.897853923533,56.7324295043945,55.6893157958984,0.396775284745951,0.6,"DECLIVE_MDE","A","L_A_0056","L_A_0056_FORA_01","","","DIFERENCA_FORA_POLIGONOS_AUDITORIA",262.897853923552,100,288431.070805512,9196592.93262302,288387.679052062,9196333.64043777
"L_A_0057","N_A_0087","N_A_0088","COLETOR","ColetorA7_F013",70.3151610099051,56.7324295043945,56.7016181945801,0.0438188711679304,0.6,"DECLIVE_MDE","A","L_A_0057","L_A_0057_FORA_01","","","DIFERENCA_FORA_POLIGONOS_AUDITORIA",70.3151610098084,100,288431.070805512,9196592.93262302,288441.688773942,9196662.4414758
"L_A_0058","N_A_0089","N_A_0090","COLETOR","ColetorA7_F014",339.545669197604,60.3929595947266,58.6183471679688,0.52264322232455,0.6,"DECLIVE_MDE","A","L_A_0058","L_A_0058_FORA_01","","","DIFERENCA_FORA_POLIGONOS_AUDITORIA",339.545669197669,100,288462.987416048,9196325.81726133,288513.503337669,9196661.36913021
"L_A_0059","N_A_0091","N_A_0087","COLETOR","ColetorA7_F015",63.5351208242909,59.3082008361816,56.7324295043945,4.05409055396387,0.6,"DECLIVE_MDE","A","L_A_0059","L_A_0059_FORA_01","","","DIFERENCA_FORA_POLIGONOS_AUDITORIA",63.5351208245811,100,288494.42982112,9196588.20539134,288431.070805512,9196592.93262302
"L_A_0060","N_A_0092","N_A_0084","COLETOR","ColetorA7_F016",67.9570980689134,56.3798446655273,51.3433532714844,7.41128084800738,0.6,"DECLIVE_MDE","A","L_A_0060","L_A_0060_FORA_01","","","DIFERENCA_FORA_POLIGONOS_AUDITORIA",67.9570980684506,100,288425.849683958,9196592.3328996,288358.314148069,9196599.89058245
"L_A_0061","N_A_0084","N_A_0093","COLETOR","ColetorA7_F017",75.244289318594,51.3433532714844,47.3570823669434,5.2977720178373,0.6,"DECLIVE_MDE","A","L_A_0061","L_A_0061_FORA_01","","","DIFERENCA_FORA_POLIGONOS_AUDITORIA",75.2442893189411,100,288358.314148069,9196599.89058245,288283.53884378,9196608.27848705
"L_A_0062","N_A_0094","N_A_0095","COLETOR","ColetorA7_F018",325.85453458096,64.6502380371094,63.4617614746094,0.364726108239785,0.6,"DECLIVE_MDE","A","L_A_0062","L_A_0062_FORA_01","","","DIFERENCA_FORA_POLIGONOS_AUDITORIA",325.854534580871,100,288532.987416045,9196325.81726133,288586.385065337,9196647.26627962
"L_A_0063","N_A_0096","N_A_0097","COLETOR","ColetorA7_F019",313.337468528877,70.3373260498047,70.1208038330078,0.0691019231799661,0.6,"DECLIVE_MDE","A","L_A_0063","L_A_0063_FORA_01","","","DIFERENCA_FORA_POLIGONOS_AUDITORIA",313.337468529052,100,288606.692753982,9196324.20802308,288656.644496527,9196633.52216493
"L_A_0064","N_A_0097","N_A_0098","COLETOR","ColetorA7_F019",2.32858573583834,70.1208038330078,70.1208038330078,0,0.6,"DIRECAO_ORIGINAL_COTA_IGUAL","A","L_A_0064","L_A_0064_FORA_01","","","DIFERENCA_FORA_POLIGONOS_AUDITORIA",2.32858573580884,100,288656.644496527,9196633.52216493,288657.037998865,9196635.81726132
"L_A_0065","N_A_0100","N_A_0099","COLETOR","ColetorA7_F020",276.181611741138,82.6567611694336,79.1102600097656,1.28411922043241,0.6,"DECLIVE_MDE","A","L_A_0065","L_A_0065_FORA_01","","","DIFERENCA_FORA_POLIGONOS_AUDITORIA",276.181611741103,100,288772.657994242,9196571.65287517,288672.301915347,9196315.81726133
"L_A_0066","N_A_0102","N_A_0101","COLETOR","ColetorA7_F021",184.64794944995,77.1951217651367,76.5131072998047,0.369359349705043,0.6,"DECLIVE_MDE","A","L_A_0066","L_A_0066_FORA_01","","","DIFERENCA_FORA_POLIGONOS_AUDITORIA",184.647949449955,100,288723.552125388,9196591.34917603,288691.154978464,9196409.83441655
"L_A_0067","N_A_0103","N_A_0076","COLETOR","ColetorA8_F001",186.716959609159,38.6699180603027,30.389497756958,4.43474461060073,0.6,"DECLIVE_MDE","A","L_A_0067","L_A_0067_FORA_01","","","DIFERENCA_FORA_POLIGONOS_AUDITORIA",186.71695960881,100,287999.770887356,9196687.19767959,287813.055819474,9196688.03817435
"L_A_0068","N_A_0104","N_A_0075","COLETOR","ColetorA8_F002",184.193542746069,42.3384437561035,31.9173793792725,5.65767085070818,0.6,"DECLIVE_MDE","A","L_A_0068","L_A_0068_FORA_01","","","DIFERENCA_FORA_POLIGONOS_AUDITORIA",184.193542746243,100,287994.849627515,9196612.84961423,287810.679418494,9196615.7813882
"L_A_0069","N_A_0075","N_A_0105","COLETOR","ColetorA8_F002",2.25378846879253,31.9173793792725,30.9118118286133,44.6167670383865,0.6,"DECLIVE_MDE","A","L_A_0069","L_A_0069_FORA_01","","","DIFERENCA_FORA_POLIGONOS_AUDITORIA",2.25378846919993,100,287810.679418494,9196615.7813882,287808.425915536,9196615.81726132
"L_A_0070","N_A_0106","N_A_0074","COLETOR","ColetorA8_F003",171.518909247715,45.6110496520996,30.9172134399414,8.5668899578511,0.6,"DECLIVE_MDE","A","L_A_0070","L_A_0070_FORA_01","","","DIFERENCA_FORA_POLIGONOS_AUDITORIA",171.5189092469,100,287979.874180895,9196542.99947453,287808.37841912,9196545.81726133
"L_A_0071","N_A_0107","N_A_0108","COLETOR","ColetorA8_F004",69.4081692099064,46.7859802246094,45.4549026489258,1.91775347316554,0.6,"DECLIVE_MDE","A","L_A_0071","L_A_0071_FORA_01","","","DIFERENCA_FORA_POLIGONOS_AUDITORIA",69.4081692098347,100,287977.164842144,9196470.39766266,287966.475654103,9196401.81752551
"L_A_0072","N_A_0108","N_A_0109","COLETOR","ColetorA8_F004",163.884918904047,45.4549026489258,31.6222953796387,8.44043940210628,0.6,"DECLIVE_MDE","A","L_A_0072","L_A_0072_FORA_01","","","DIFERENCA_FORA_POLIGONOS_AUDITORIA",163.884918905421,100,287966.475654103,9196401.81752551,287802.592409664,9196401.07669069
"L_A_0073","N_A_0110","N_A_0108","COLETOR","ColetorA8_F005",171.748679017547,54.6026229858398,45.4549026489258,5.32622456792199,0.6,"DECLIVE_MDE","A","L_A_0073","L_A_0073_FORA_01","","","DIFERENCA_FORA_POLIGONOS_AUDITORIA",171.748679017617,100,288118.240957634,9196430.44549943,287966.475654103,9196401.81752551
"L_A_0074","N_A_0111","N_A_0112","COLETOR","ColetorA8_F006",65.0163790578958,54.234375,50.7357749938965,5.38110558723684,0.6,"DECLIVE_MDE","A","L_A_0074","L_A_0074_FORA_01","","","DIFERENCA_FORA_POLIGONOS_AUDITORIA",65.0163790578958,100,288111.615777715,9196399.05526998,288102.799044009,9196334.63947415
"L_A_0075","N_A_0113","N_A_0114","COLETOR","ColetorA8_F007",64.784697404801,45.1001052856445,43.956615447998,1.76506163253569,0.6,"DECLIVE_MDE","A","L_A_0075","L_A_0075_FORA_01","","","DIFERENCA_FORA_POLIGONOS_AUDITORIA",64.7846974049045,100,287964.041482567,9196395.92259704,287955.18321484,9196331.74637005
"L_A_0076","N_A_0115","N_A_0109","COLETOR","ColetorA8_F008",66.732119674579,32.645336151123,31.6222953796387,1.53305601031896,0.6,"DECLIVE_MDE","A","L_A_0076","L_A_0076_FORA_01","","","DIFERENCA_FORA_POLIGONOS_AUDITORIA",66.7321196746264,100,287806.772834695,9196467.67774056,287802.592409664,9196401.07669069
"L_A_0077","N_A_0116","N_A_0109","COLETOR","ColetorA8_F008",72.3241193022886,36.072437286377,31.6222953796387,6.15305371108399,0.6,"DECLIVE_MDE","A","L_A_0077","L_A_0077_FORA_01","","","DIFERENCA_FORA_POLIGONOS_AUDITORIA",72.3241193022744,100,287801.230684712,9196328.76539187,287802.592409664,9196401.07669069
"L_A_0078","N_A_0117","N_A_0118","COLETOR","ColetorA8_F009",213.507391709421,44.7480621337891,33.0120239257812,5.49678309216587,0.6,"DECLIVE_MDE","A","L_A_0078","L_A_0078_FORA_01","","","DIFERENCA_FORA_POLIGONOS_AUDITORIA",213.507391709664,100,287953.926335928,9196325.81726133,287800.589006249,9196255.82185428
"L_A_0079","N_A_0119","N_A_0120","COLETOR","ColetorA8_F010",63.3624945454131,40.2877426147461,37.4946784973145,4.40807158472872,0.6,"DECLIVE_MDE","A","L_A_0079","L_A_0079_FORA_01","","","DIFERENCA_FORA_POLIGONOS_AUDITORIA",52.2415231552284,82.4486528347048,287941.922271661,9196248.46119102,287934.80204248,9196196.70716627
"L_A_0081","N_A_0122","N_A_0123","COLETOR","ColetorA8_F011",147.558474329329,47.3936538696289,39.3800468444824,5.43080094963662,0.6,"DECLIVE_MDE","A","L_A_0081","L_A_0081_FORA_01","","","DIFERENCA_FORA_POLIGONOS_AUDITORIA",136.871569315026,92.7575118523201,288028.70577856,9196331.11718966,288004.850065402,9196196.34059141
"L_A_0082","N_A_0124","N_A_0125","COLETOR","ColetorA8_F012",145.58230691205,50.3902053833008,42.0407524108887,5.73521133818563,0.6,"DECLIVE_MDE","A","L_A_0082","L_A_0082_FORA_01","","","DIFERENCA_FORA_POLIGONOS_AUDITORIA",139.494182417766,95.8180876348151,288099.190919533,9196329.84718712,288078.874127979,9196191.8404666
"L_A_0083","N_A_0126","N_A_0127","COLETOR","ColetorA8_F013",148.641949064982,51.374828338623,45.8127136230469,3.74195491283863,0.6,"DECLIVE_MDE","A","L_A_0083","L_A_0083_FORA_01","","","DIFERENCA_FORA_POLIGONOS_AUDITORIA",140.292855373116,94.3830838169514,288171.766273017,9196326.0371795,288149.258441062,9196187.56161209
"L_A_0084","N_A_0128","N_A_0129","COLETOR","ColetorA8_F014",150.756407238495,53.5864639282227,49.5352630615234,2.6872495444192,0.6,"DECLIVE_MDE","A","L_A_0084","L_A_0084_FORA_01","","","DIFERENCA_FORA_POLIGONOS_AUDITORIA",142.651116769144,94.6235847498924,288243.838917164,9196324.13217569,288222.29279356,9196183.11761732
"L_A_0085","N_A_0130","N_A_0131","COLETOR","ColetorA8_F015",146.700190348386,53.1654586791992,51.6653861999512,1.02254296718065,0.6,"DECLIVE_MDE","A","L_A_0085","L_A_0085_FORA_01","","","DIFERENCA_FORA_POLIGONOS_AUDITORIA",140.9822997903,96.1023291487314,288312.895305277,9196318.20549717,288289.403087451,9196179.19425822
"L_A_0087","N_A_0133","N_A_0134","COLETOR","ColetorA8_F016",144.474493991609,55.4440155029297,54.9840431213379,0.318376184531583,0.6,"DECLIVE_MDE","A","L_A_0087","L_A_0087_FORA_01","","","DIFERENCA_FORA_POLIGONOS_AUDITORIA",139.799879446522,96.7644015106902,288384.65044879,9196313.76048828,288364.446146477,9196175.4283067
"L_A_0090","N_A_0137","N_A_0138","COLETOR","ColetorA8_F017",153.420347428718,60.2020034790039,58.2544937133789,1.26939470433011,0.6,"DECLIVE_MDE","A","L_A_0090","L_A_0090_FORA_01","","","DIFERENCA_FORA_POLIGONOS_AUDITORIA",144.698573781348,94.3151128299326,288454.502134672,9196314.3025427,288434.531959319,9196170.98865869
"L_A_0092","N_A_0141","N_A_0140","COLETOR","ColetorA8_F018",156.996564665276,70.9038009643555,65.1036376953125,3.69445234767347,0.6,"DECLIVE_MDE","A","L_A_0092","L_A_0092_FORA_01","","","DIFERENCA_FORA_POLIGONOS_AUDITORIA",149.373740713584,95.1445918782398,288505.649387498,9196165.15889609,288527.987416045,9196312.85292744
"L_A_0093","N_A_0143","N_A_0142","COLETOR","ColetorA8_F019",157.469005085658,84.3880767822266,70.5722885131836,8.77365565466524,0.6,"DECLIVE_MDE","A","L_A_0093","L_A_0093_FORA_01","","","DIFERENCA_FORA_POLIGONOS_AUDITORIA",150.788632841015,95.757658949449,288578.993600385,9196161.94984177,288602.987416046,9196310.81726133
"L_A_0094","N_A_0144","N_A_0145","COLETOR","ColetorA8_F020",83.9780285228523,55.2420349121094,53.8052406311035,1.71091689847765,0.6,"DECLIVE_MDE","A","L_A_0094","L_A_0094_FORA_01","","","DIFERENCA_FORA_POLIGONOS_AUDITORIA",83.9780285229695,100,288258.814363783,9196411.44485032,288243.44589366,9196328.88505744
"L_A_0095","N_A_0146","N_A_0147","COLETOR","ColetorA8_F021",97.3007241695352,55.3886566162109,51.7133903503418,3.77722395926408,0.6,"DECLIVE_MDE","A","L_A_0095","L_A_0095_FORA_01","","","DIFERENCA_FORA_POLIGONOS_AUDITORIA",97.3007241695187,100,288185.78921773,9196427.31988207,288172.0344571,9196330.99627394
"L_A_0096","N_A_0149","N_A_0148","COLETOR","ColetorA8_F022",93.5035682263619,21.8705883026123,18.4415645599365,3.6672651190963,0.6,"DECLIVE_MDE","A","L_A_0096","L_A_0096_FORA_01","","","DIFERENCA_FORA_POLIGONOS_AUDITORIA",93.5035682263674,100,287793.633429969,9196026.78110006,287798.041567227,9195933.38149837
"L_A_0097","N_A_0150","N_A_0149","COLETOR","ColetorA8_F022",69.1256314329629,30.2250938415527,21.8705883026123,12.0859735611132,0.6,"DECLIVE_MDE","A","L_A_0097","L_A_0097_FORA_01","","","DIFERENCA_FORA_POLIGONOS_AUDITORIA",69.1256314329764,100,287796.255958037,9196095.83459631,287793.633429969,9196026.78110006
"L_A_0098","N_A_0150","N_A_0151","COLETOR","ColetorA8_F022",90.0529230496832,30.2250938415527,27.6653079986572,2.84253498521447,0.6,"DECLIVE_MDE","A","L_A_0098","L_A_0098_FORA_01","","","DIFERENCA_FORA_POLIGONOS_AUDITORIA",82.9904971215214,92.1574717521794,287796.255958037,9196095.83459631,287799.775638751,9196178.75042387
"L_A_0099","N_A_0152","N_A_0150","COLETOR","ColetorA8_F023",114.133661272439,38.0369911193848,30.2250938415527,6.84451649998756,0.6,"DECLIVE_MDE","A","L_A_0099","L_A_0099_FORA_01","","","DIFERENCA_FORA_POLIGONOS_AUDITORIA",114.133661272383,100,287910.081683397,9196102.91152867,287796.255958037,9196095.83459631
"L_A_0100","N_A_0153","N_A_0149","COLETOR","ColetorA8_F024",99.0942670015787,35.4239692687988,21.8705883026123,13.6772604271553,0.6,"DECLIVE_MDE","A","L_A_0100","L_A_0100_FORA_01","","","DIFERENCA_FORA_POLIGONOS_AUDITORIA",99.0942670020433,100,287892.498006142,9196020.03800501,287793.633429969,9196026.78110006
"L_A_0101","N_A_0121","N_A_0154","COLETOR","ColetorA8_F025",254.240798781349,37.4946784973145,31.3644580841064,2.41118673422675,0.6,"DECLIVE_MDE","A","L_A_0101","L_A_0101_FORA_01","","","DIFERENCA_FORA_POLIGONOS_AUDITORIA",247.196662327694,97.2293445869149,287931.565670791,9196176.61822466,287875.819509696,9195935.81726133
"L_A_0102","N_A_0123","N_A_0155","COLETOR","ColetorA8_F026",314.099392275251,39.3800468444824,36.2932777404785,0.982736413988,0.6,"DECLIVE_MDE","A","L_A_0102","L_A_0102_FORA_01","","","DIFERENCA_FORA_POLIGONOS_AUDITORIA",303.582574296547,96.6517547511211,288000.972267583,9196175.49531204,287939.095026744,9195878.31726132
"L_A_0103","N_A_0156","N_A_0157","COLETOR","ColetorA8_F027",20.4177019263438,43.2397918701172,43.1907577514648,0.240154934327246,0.6,"DECLIVE_MDE","A","L_A_0103","L_A_0103_FORA_01","","","DIFERENCA_FORA_POLIGONOS_AUDITORIA",20.4177019264258,100,288025.086123281,9195928.31726132,288029.194961555,9195948.31726132
"L_A_0104","N_A_0158","N_A_0159","COLETOR","ColetorA8_F027",234.982384427113,42.9881477355957,42.0407524108887,0.403177168797899,0.6,"DECLIVE_MDE","A","L_A_0104","L_A_0104_FORA_01","","","DIFERENCA_FORA_POLIGONOS_AUDITORIA",225.254690521772,95.8602454694917,288030.222171123,9195953.31726132,288075.552203705,9196173.96372911
"L_A_0106","N_A_0160","N_A_0161","COLETOR","ColetorA8_F028",25.2884915078745,47.1207809448242,46.5796737670898,2.13973687424527,0.6,"DECLIVE_MDE","A","L_A_0106","L_A_0106_FORA_01","","","DIFERENCA_FORA_POLIGONOS_AUDITORIA",25.2884915078745,100,288095.992409556,9195893.31726132,288100.508850731,9195918.19917367
"L_A_0107","N_A_0161","N_A_0127","COLETOR","ColetorA8_F028",265.390567561003,46.5796737670898,45.8127136230469,0.288992992890252,0.6,"DECLIVE_MDE","A","L_A_0107","L_A_0107_FORA_01","","","DIFERENCA_FORA_POLIGONOS_AUDITORIA",255.700552802216,96.3487719824371,288100.508850731,9195918.19917367,288146.187906233,9196169.78652747
"L_A_0108","N_A_0129","N_A_0162","COLETOR","ColetorA8_F029",312.228757237551,49.5352630615234,49.2561073303223,0.0894074375694944,0.6,"DECLIVE_MDE","A","L_A_0108","L_A_0108_FORA_01","","","DIFERENCA_FORA_POLIGONOS_AUDITORIA",302.418618846412,96.8580285563943,288219.245168815,9196165.4661214,288163.035063147,9195868.31726132
"L_A_0109","N_A_0163","N_A_0132","COLETOR","ColetorA8_F030",246.049298661472,54.4740219116211,51.7040939331055,1.12576137935944,0.6,"DECLIVE_MDE","A","L_A_0109","L_A_0109_FORA_01","","","DIFERENCA_FORA_POLIGONOS_AUDITORIA",236.591156538368,96.1559971214658,288246.346001904,9195928.31726132,288286.386718889,9196161.49555434
"L_A_0110","N_A_0164","N_A_0136","COLETOR","ColetorA8_F031",234.553429829649,56.054256439209,55.702465057373,0.149983473740476,0.6,"DECLIVE_MDE","A","L_A_0110","L_A_0110_FORA_01","","","DIFERENCA_FORA_POLIGONOS_AUDITORIA",228.881684946851,97.5818964204164,288326.681954825,9195930.81726133,288361.304746341,9196157.06510775
"L_A_0113","N_A_0166","N_A_0165","COLETOR","ColetorA8_F032",10.1122277181434,62.2365570068359,62.0573043823242,1.77263239622366,0.6,"DECLIVE_MDE","A","L_A_0113","L_A_0113_FORA_01","","","DIFERENCA_FORA_POLIGONOS_AUDITORIA",10.1122277180569,100,288408.71086658,9195998.31726132,288407.20848533,9195988.31726132
"L_A_0114","N_A_0167","N_A_0139","COLETOR","ColetorA8_F032",158.344485185826,62.3749351501465,58.2544937133789,2.60220078516282,0.6,"DECLIVE_MDE","A","L_A_0114","L_A_0114_FORA_01","","","DIFERENCA_FORA_POLIGONOS_AUDITORIA",151.249667491303,95.5193780912565,288409.462057206,9196003.31726132,288431.933333665,9196152.88832688
"L_A_0115","N_A_0169","N_A_0168","COLETOR","ColetorA8_F033",5.07071255293636,72.7912826538086,72.5965118408203,3.84109355351829,0.6,"DECLIVE_MDE","A","L_A_0115","L_A_0115_FORA_01","","","DIFERENCA_FORA_POLIGONOS_AUDITORIA",5.07071255287824,100,288489.434445415,9196068.31726132,288488.590569954,9196063.31726132
"L_A_0116","N_A_0170","N_A_0141","COLETOR","ColetorA8_F033",85.4972416762395,73.2329788208008,70.9038009643555,2.72427251544024,0.6,"DECLIVE_MDE","A","L_A_0116","L_A_0116_FORA_01","","","DIFERENCA_FORA_POLIGONOS_AUDITORIA",76.7397460860124,89.7569846482621,288490.278320877,9196073.31726132,288503.051740455,9196148.98646498
"L_A_0117","N_A_0171","N_A_0143","COLETOR","ColetorA8_F034",83.0658850405925,85.4177551269531,84.3880767822266,1.23959233591911,0.6,"DECLIVE_MDE","A","L_A_0117","L_A_0117_FORA_01","","","DIFERENCA_FORA_POLIGONOS_AUDITORIA",73.4090048162669,88.3744328738974,288564.899150386,9196073.31726132,288576.4156245,9196145.81728072
"L_A_0118","N_A_0173","N_A_0172","COLETOR","ColetorA8_F035",2.03098628518521,95.0809631347656,94.9936828613281,4.29743293069754,0.6,"DECLIVE_MDE","A","L_A_0118","L_A_0118_FORA_01","","","DIFERENCA_FORA_POLIGONOS_AUDITORIA",2.0309862850733,100,288630.487416046,9196110.09822874,288629.511167949,9196108.31726132
"L_A_0119","N_A_0044","N_A_0174","COLETOR","ColetorA8_F035",46.3247980063133,96.9080123901367,95.0809631347656,3.94399832055845,0.6,"DECLIVE_MDE","A","L_A_0119","L_A_0119_FORA_01","","","DIFERENCA_FORA_POLIGONOS_AUDITORIA",37.0625087012366,80.0057642908095,288650.067038342,9196145.8172939,288632.251948287,9196113.31726132
"L_A_0120","N_A_0175","N_A_0176","COLETOR","ColetorA9_F001",133.759179860289,53.7348442077637,47.8054962158203,4.43285313063115,0.6,"DECLIVE_MDE","A","L_A_0120","L_A_0120_FORA_01","","","DIFERENCA_FORA_POLIGONOS_AUDITORIA",133.75917986027,100,288340.703951182,9196927.23345134,288337.38668638,9196793.51541235
"L_A_0121","N_A_0177","N_A_0178","COLETOR","ColetorA9_F002",131.191048749172,55.1309661865234,50.836784362793,3.27322775804671,0.6,"DECLIVE_MDE","A","L_A_0121","L_A_0121_FORA_01","","","DIFERENCA_FORA_POLIGONOS_AUDITORIA",131.191048749162,100,288414.787432681,9196931.99596086,288412.987416047,9196800.81726132
"L_A_0122","N_A_0179","N_A_0180","COLETOR","ColetorA9_F003",27.0987581304307,57.7941360473633,57.5494194030762,0.9030548304437,0.6,"DECLIVE_MDE","A","L_A_0122","L_A_0122_FORA_01","","","DIFERENCA_FORA_POLIGONOS_AUDITORIA",27.0987581303987,100,288483.050069207,9196931.46679313,288484.704866386,9196904.41860764
"L_A_0123","N_A_0180","N_A_0019","COLETOR","ColetorA9_F003",95.8573424292039,57.5494194030762,54.3223686218262,3.36651392524611,0.6,"DECLIVE_MDE","A","L_A_0123","L_A_0123_FORA_01","","","DIFERENCA_FORA_POLIGONOS_AUDITORIA",95.8573424292394,100,288484.704866386,9196904.41860764,288490.558435729,9196808.74015749
"L_A_0124","N_A_0181","N_A_0180","COLETOR","ColetorA9_F004",58.2311200635001,61.4015426635742,57.5494194030762,6.61523126516779,0.6,"DECLIVE_MDE","A","L_A_0124","L_A_0124_FORA_01","","","DIFERENCA_FORA_POLIGONOS_AUDITORIA",58.2311200642556,100,288542.846022132,9196907.65424551,288484.704866386,9196904.41860764
"L_A_0125","N_A_0182","N_A_0183","COLETOR","ColetorA9_F005",120.583237908614,62.7318344116211,59.1617088317871,2.96071464139954,0.6,"DECLIVE_MDE","A","L_A_0125","L_A_0125_FORA_01","","","DIFERENCA_FORA_POLIGONOS_AUDITORIA",120.583237908617,100,288558.191886155,9196935.70013494,288558.439285072,9196815.11715082
"L_A_0126","N_A_0184","N_A_0185","COLETOR","ColetorA9_F006",91.3338412587254,78.7032623291016,74.7180786132812,4.36331556945175,0.6,"DECLIVE_MDE","A","L_A_0126","L_A_0126_FORA_01","","","DIFERENCA_FORA_POLIGONOS_AUDITORIA",91.3338412587464,100,288703.289676353,9196943.21431663,288702.09966581,9196853.12086488
"L_A_0127","N_A_0186","N_A_0187","COLETOR","ColetorA9_F007",16.8041629265597,97.1483154296875,96.6446533203125,2.99724604894744,0.6,"DECLIVE_MDE","A","L_A_0127","L_A_0127_FORA_01","","","DIFERENCA_FORA_POLIGONOS_AUDITORIA",16.8041629265571,100,288962.987416047,9196955.81726132,288962.245574996,9196939.02948114
"L_A_0128","N_A_0188","N_A_0009","COLETOR","ColetorA9_F009",45.8130408280931,90.7667999267578,89.0162124633789,3.82115535606496,0.6,"DECLIVE_MDE","A","L_A_0128","L_A_0128_FORA_01","","","DIFERENCA_FORA_POLIGONOS_AUDITORIA",45.81304082812,100,288886.752126613,9196949.45849578,288892.046773809,9196903.95243662
"L_A_0129","N_A_0009","N_A_0008","COLETOR","ColetorA9_F009",2.92766735975756,89.0162124633789,88.8239440917969,6.56728883290734,0.6,"DECLIVE_MDE","A","L_A_0129","L_A_0129_FORA_01","","","DIFERENCA_FORA_POLIGONOS_AUDITORIA",2.92766735975467,100,288892.046773809,9196903.95243662,288892.061268427,9196901.02480514
"L_A_0130","N_A_0189","N_A_0190","COLETOR","ColetorA9_F010",62.8264870824426,47.5042304992676,44.2774238586426,5.1360609043614,0.6,"DECLIVE_MDE","A","L_A_0130","L_A_0130_FORA_01","","","DIFERENCA_FORA_POLIGONOS_AUDITORIA",62.8264870826172,100,288330.808514726,9196794.99443686,288267.987416049,9196795.81726132
"L_A_0131","N_A_0052","N_A_0050","TRONCO","TroncoA1_F001",80.6408180223311,118.156799316406,115.538299560547,3.24711457556675,0.8,"DECLIVE_MDE","A","L_A_0131","L_A_0131_FORA_01","","","DIFERENCA_FORA_POLIGONOS_AUDITORIA",80.6408180221342,100,289077.353666323,9196373.64957399,289009.139313913,9196416.65822029
"L_A_0132","N_A_0050","N_A_0048","TRONCO","TroncoA1_F001",70.2328005546186,115.538299560547,111.69416809082,5.47341333304381,0.8,"DECLIVE_MDE","A","L_A_0132","L_A_0132_FORA_01","","","DIFERENCA_FORA_POLIGONOS_AUDITORIA",70.2328005549204,100,289009.139313913,9196416.65822029,288950.327263547,9196454.90320401
"L_A_0133","N_A_0048","N_A_0046","TRONCO","TroncoA1_F001",70.6903356308095,111.69416809082,102.449203491211,13.0781167144156,0.8,"DECLIVE_MDE","A","L_A_0133","L_A_0133_FORA_01","","","DIFERENCA_FORA_POLIGONOS_AUDITORIA",70.6903356304756,100,288950.327263547,9196454.90320401,288891.617872243,9196494.26517192
"L_A_0134","N_A_0046","N_A_0056","TRONCO","TroncoA1_F001",71.0510945738149,102.449203491211,89.7758102416992,17.8370133852693,0.8,"DECLIVE_MDE","A","L_A_0134","L_A_0134_FORA_01","","","DIFERENCA_FORA_POLIGONOS_AUDITORIA",71.0510945737782,100,288891.617872243,9196494.26517192,288832.32604863,9196533.40689714
"L_A_0135","N_A_0056","N_A_0100","TRONCO","TroncoA1_F001",70.9345695359059,89.7758102416992,82.6567611694336,10.0360784859096,0.8,"DECLIVE_MDE","A","L_A_0135","L_A_0135_FORA_01","","","DIFERENCA_FORA_POLIGONOS_AUDITORIA",70.9345695361051,100,288832.32604863,9196533.40689714,288772.657994242,9196571.65287517
"L_A_0136","N_A_0100","N_A_0102","TRONCO","TroncoA1_F001",52.9975267582926,82.6567611694336,77.1951217651367,10.3054609118005,0.8,"DECLIVE_MDE","A","L_A_0136","L_A_0136_FORA_01","","","DIFERENCA_FORA_POLIGONOS_AUDITORIA",52.9975267579902,100,288772.657994242,9196571.65287517,288723.552125388,9196591.34917603
"L_A_0137","N_A_0102","N_A_0054","TRONCO","TroncoA1_F001",29.9815431022084,77.1951217651367,76.9588165283203,0.788169027894365,0.8,"DECLIVE_MDE","A","L_A_0137","L_A_0137_FORA_01","","","DIFERENCA_FORA_POLIGONOS_AUDITORIA",29.9815431022777,100,288723.552125388,9196591.34917603,288720.694619674,9196621.19423572
"L_A_0138","N_A_0054","N_A_0097","TRONCO","TroncoA1_F001",65.2297769293223,76.9588165283203,70.1208038330078,10.4829619496041,0.8,"DECLIVE_MDE","A","L_A_0138","L_A_0138_FORA_01","","","DIFERENCA_FORA_POLIGONOS_AUDITORIA",65.2297769292644,100,288720.694619674,9196621.19423572,288656.644496527,9196633.52216493
"L_A_0139","N_A_0097","N_A_0095","TRONCO","TroncoA1_F001",71.6838090308963,70.1208038330078,63.4617614746094,9.28946501089017,0.8,"DECLIVE_MDE","A","L_A_0139","L_A_0139_FORA_01","","","DIFERENCA_FORA_POLIGONOS_AUDITORIA",71.6838090312691,100,288656.644496527,9196633.52216493,288586.385065337,9196647.26627962
"L_A_0140","N_A_0095","N_A_0058","TRONCO","TroncoA1_F001",44.7680141061962,63.4617614746094,60.4796447753906,6.66126643934828,0.8,"DECLIVE_MDE","A","L_A_0140","L_A_0140_FORA_01","","","DIFERENCA_FORA_POLIGONOS_AUDITORIA",44.7680141065805,100,288586.385065337,9196647.26627962,288544.16426661,9196662.15181763
"L_A_0141","N_A_0058","N_A_0090","TRONCO","TroncoA1_F001",30.6709172203785,60.4796447753906,58.6183471679688,6.06860758042535,0.8,"DECLIVE_MDE","A","L_A_0141","L_A_0141_FORA_01","","","DIFERENCA_FORA_POLIGONOS_AUDITORIA",30.6709172195054,100,288544.16426661,9196662.15181763,288513.503337669,9196661.36913021
"L_A_0142","N_A_0090","N_A_0088","TRONCO","TroncoA1_F001",71.8441374971704,58.6183471679688,56.7016181945801,2.66789892698505,0.8,"DECLIVE_MDE","A","L_A_0142","L_A_0142_FORA_01","","","DIFERENCA_FORA_POLIGONOS_AUDITORIA",71.8441374982174,100,288513.503337669,9196661.36913021,288441.688773942,9196662.4414758
"L_A_0143","N_A_0088","N_A_0085","TRONCO","TroncoA1_F001",72.8315950319135,56.7016181945801,53.2781181335449,4.70056993744959,0.8,"DECLIVE_MDE","A","L_A_0143","L_A_0143_FORA_01","","","DIFERENCA_FORA_POLIGONOS_AUDITORIA",72.8315950308678,100,288441.688773942,9196662.4414758,288369.147054937,9196668.73415303
"L_A_0144","N_A_0085","N_A_0191","TRONCO","TroncoA1_F001",72.1944279457586,53.2781181335449,46.4136505126953,9.50830668816581,0.8,"DECLIVE_MDE","A","L_A_0144","L_A_0144_FORA_01","","","DIFERENCA_FORA_POLIGONOS_AUDITORIA",72.1944279459314,100,288369.147054937,9196668.73415303,288297.783773852,9196679.45560224
"L_A_0145","N_A_0192","N_A_0028","TRONCO","TroncoA2_F001",37.4391463787869,103.52889251709,102.05509185791,3.93652313615447,0.8,"DECLIVE_MDE","A","L_A_0145","L_A_0145_FORA_01","","","DIFERENCA_FORA_POLIGONOS_AUDITORIA",37.439146378404,100,288755.487416046,9196117.20843014,288720.304057525,9196130.00768655
"L_A_0146","N_A_0028","N_A_0044","TRONCO","TroncoA2_F001",70.0026595952465,102.05509185791,96.9080123901367,7.35269130849272,0.8,"DECLIVE_MDE","A","L_A_0146","L_A_0146_FORA_01","","","DIFERENCA_FORA_POLIGONOS_AUDITORIA",61.7115251875227,88.1559722788359,288720.304057525,9196130.00768655,288662.31078242,9196151.10489925
"L_A_0159","N_A_0194","N_A_0004","TRONCO","TroncoA3_F001",61.3036487805167,106.56615447998,103.988952636719,4.20399420675396,0.8,"DECLIVE_MDE","A","L_A_0159","L_A_0159_FORA_01","","","DIFERENCA_FORA_POLIGONOS_AUDITORIA",61.3036487811511,100,289090.487416046,9196920.09708616,289029.576449262,9196926.84267435
"L_A_0160","N_A_0004","N_A_0187","TRONCO","TroncoA3_F001",68.4424767079858,103.988952636719,96.6446533203125,10.7306159415317,0.8,"DECLIVE_MDE","A","L_A_0160","L_A_0160_FORA_01","","","DIFERENCA_FORA_POLIGONOS_AUDITORIA",68.442476707354,100,289029.576449262,9196926.84267435,288962.245574996,9196939.02948114
"L_A_0161","N_A_0187","N_A_0006","TRONCO","TroncoA3_F001",33.2205038064791,96.6446533203125,96.2129516601562,1.29950365193454,0.8,"DECLIVE_MDE","A","L_A_0161","L_A_0161_FORA_01","","","DIFERENCA_FORA_POLIGONOS_AUDITORIA",33.2205038064222,100,288962.245574996,9196939.02948114,288962.987416047,9196905.81726133
"L_A_0162","N_A_0006","N_A_0008","TRONCO","TroncoA3_F001",71.087875567649,96.2129516601562,88.8239440917969,10.3941881922295,0.8,"DECLIVE_MDE","A","L_A_0162","L_A_0162_FORA_01","","","DIFERENCA_FORA_POLIGONOS_AUDITORIA",71.0878755684031,100,288962.987416047,9196905.81726133,288892.061268427,9196901.02480514
"L_A_0163","N_A_0008","N_A_0011","TRONCO","TroncoA3_F001",73.8036066699849,88.8239440917969,81.7751541137695,9.55073917938215,0.8,"DECLIVE_MDE","A","L_A_0163","L_A_0163_FORA_01","","","DIFERENCA_FORA_POLIGONOS_AUDITORIA",73.8036066694139,100,288892.061268427,9196901.02480514,288819.838933488,9196887.39904052
"L_A_0164","N_A_0011","N_A_0013","TRONCO","TroncoA3_F001",53.556521443799,81.7751541137695,79.2955017089844,4.62997285472927,0.8,"DECLIVE_MDE","A","L_A_0164","L_A_0164_FORA_01","","","DIFERENCA_FORA_POLIGONOS_AUDITORIA",53.5565214437406,100,288819.838933488,9196887.39904052,288768.059772323,9196873.72006608
"L_A_0165","N_A_0013","N_A_0185","TRONCO","TroncoA3_F001",69.1265610192669,79.2955017089844,74.7180786132812,6.62180069167235,0.8,"DECLIVE_MDE","A","L_A_0165","L_A_0165_FORA_01","","","DIFERENCA_FORA_POLIGONOS_AUDITORIA",69.1265610193755,100,288768.059772323,9196873.72006608,288702.09966581,9196853.12086488
"L_A_0166","N_A_0185","N_A_0016","TRONCO","TroncoA3_F001",27.8533301994045,74.7180786132812,71.3307342529297,12.1613621642413,0.8,"DECLIVE_MDE","A","L_A_0166","L_A_0166_FORA_01","","","DIFERENCA_FORA_POLIGONOS_AUDITORIA",27.8533301994045,100,288702.09966581,9196853.12086488,288683.04962771,9196832.80082424
"L_A_0167","N_A_0016","N_A_0183","TRONCO","TroncoA3_F001",125.863330751608,71.3307342529297,59.1617088317871,9.66844381796806,0.8,"DECLIVE_MDE","A","L_A_0167","L_A_0167_FORA_01","","","DIFERENCA_FORA_POLIGONOS_AUDITORIA",125.863330751376,100,288683.04962771,9196832.80082424,288558.439285072,9196815.11715082
"L_A_0168","N_A_0183","N_A_0019","TRONCO","TroncoA3_F001",68.2202876878386,59.1617088317871,54.3223686218262,7.09369657323159,0.8,"DECLIVE_MDE","A","L_A_0168","L_A_0168_FORA_01","","","DIFERENCA_FORA_POLIGONOS_AUDITORIA",68.2202876881286,100,288558.439285072,9196815.11715082,288490.558435729,9196808.74015749
"L_A_0169","N_A_0019","N_A_0178","TRONCO","TroncoA3_F001",78.204944468239,54.3223686218262,50.836784362793,4.45698706486364,0.8,"DECLIVE_MDE","A","L_A_0169","L_A_0169_FORA_01","","","DIFERENCA_FORA_POLIGONOS_AUDITORIA",78.2049444684703,100,288490.558435729,9196808.74015749,288412.987416047,9196800.81726132
"L_A_0170","N_A_0178","N_A_0176","TRONCO","TroncoA3_F001",77.1620137621637,50.836784362793,47.8054962158203,3.92847205402906,0.8,"DECLIVE_MDE","A","L_A_0170","L_A_0170_FORA_01","","","DIFERENCA_FORA_POLIGONOS_AUDITORIA",77.1620137617406,100,288412.987416047,9196800.81726132,288337.38668638,9196793.51541235
"L_A_0171","N_A_0061","N_A_0064","TRONCO","TroncoA4_F001",61.2404094457798,47.1436920166016,45.6840667724609,2.38343482244829,0.8,"DECLIVE_MDE","A","L_A_0171","L_A_0171_FORA_01","","","DIFERENCA_FORA_POLIGONOS_AUDITORIA",61.240409445036,100,288274.149644459,9196605.59948721,288214.523620305,9196619.08480648
"L_A_0172","N_A_0064","N_A_0068","TRONCO","TroncoA4_F001",65.6519176224442,45.6840667724609,45.4624671936035,0.337537100030821,0.8,"DECLIVE_MDE","A","L_A_0172","L_A_0172_FORA_01","","","DIFERENCA_FORA_POLIGONOS_AUDITORIA",65.6519176223304,100,288214.523620305,9196619.08480648,288149.53064522,9196625.70786076
"L_A_0173","N_A_0068","N_A_0070","TRONCO","TroncoA4_F001",112.067445418714,45.4624671936035,40.9395599365234,4.03587967958161,0.8,"DECLIVE_MDE","A","L_A_0173","L_A_0173_FORA_01","","","DIFERENCA_FORA_POLIGONOS_AUDITORIA",112.067445419934,100,288149.53064522,9196625.70786076,288088.229138912,9196685.2748478
"L_A_0174","N_A_0070","N_A_0077","TRONCO","TroncoA4_F001",339.925068941675,40.9395599365234,29.4541816711426,3.37879706875975,0.8,"DECLIVE_MDE","A","L_A_0174","L_A_0174_FORA_01","","","DIFERENCA_FORA_POLIGONOS_AUDITORIA",339.92506894189,100,288088.229138912,9196685.2748478,287822.484971287,9196762.55911271
"L_A_0175","N_A_0077","N_A_0195","TRONCO","TroncoA4_F001",177.508546658054,29.4541816711426,13.1720952987671,9.17256474627145,0.8,"DECLIVE_MDE","A","L_A_0175","L_A_0175_FORA_01","","","DIFERENCA_FORA_POLIGONOS_AUDITORIA",177.508546657928,100,287822.484971287,9196762.55911271,287650.487416046,9196719.67539332
"L_A_0176","N_A_0196","N_A_0145","TRONCO","TroncoA5_F001",429.742274024714,79.5532989501953,53.8052406311035,5.99151162810924,0.8,"DECLIVE_MDE","A","L_A_0176","L_A_0176_FORA_01","","","DIFERENCA_FORA_POLIGONOS_AUDITORIA",429.742274025295,100,288672.653510903,9196312.30298395,288243.44589366,9196328.88505744
"L_A_0177","N_A_0145","N_A_0147","TRONCO","TroncoA5_F001",71.4504424117337,53.8052406311035,51.7133903503418,2.92769395143478,0.8,"DECLIVE_MDE","A","L_A_0177","L_A_0177_FORA_01","","","DIFERENCA_FORA_POLIGONOS_AUDITORIA",71.4504424113266,100,288243.44589366,9196328.88505744,288172.0344571,9196330.99627394
"L_A_0178","N_A_0147","N_A_0112","TRONCO","TroncoA5_F001",69.36133483369,51.7133903503418,50.7357749938965,1.40945291607979,0.8,"DECLIVE_MDE","A","L_A_0178","L_A_0178_FORA_01","","","DIFERENCA_FORA_POLIGONOS_AUDITORIA",69.3613348333403,100,288172.0344571,9196330.99627394,288102.799044009,9196334.63947415
"L_A_0179","N_A_0112","N_A_0114","TRONCO","TroncoA5_F001",147.802446631481,50.7357749938965,43.956615447998,4.58663553980339,0.8,"DECLIVE_MDE","A","L_A_0179","L_A_0179_FORA_01","","","DIFERENCA_FORA_POLIGONOS_AUDITORIA",147.802446632117,100,288102.799044009,9196334.63947415,287955.18321484,9196331.74637005
"L_A_0180","N_A_0114","N_A_0116","TRONCO","TroncoA5_F001",154.513799588827,43.956615447998,36.072437286377,5.10257218617464,0.8,"DECLIVE_MDE","A","L_A_0180","L_A_0180_FORA_01","","","DIFERENCA_FORA_POLIGONOS_AUDITORIA",154.513799588943,100,287955.18321484,9196331.74637005,287801.230684712,9196328.76539187
"L_A_0181","N_A_0116","N_A_0118","TRONCO","TroncoA5_F001",72.9463599248475,36.072437286377,33.0120239257812,4.19542985249527,0.8,"DECLIVE_MDE","A","L_A_0181","L_A_0181_FORA_01","","","DIFERENCA_FORA_POLIGONOS_AUDITORIA",72.946359924845,100,287801.230684712,9196328.76539187,287800.589006249,9196255.82185428
"L_A_0182","N_A_0118","N_A_0151","TRONCO","TroncoA5_F001",70.0256628476044,33.0120239257812,27.6653079986572,7.63536639240386,0.8,"DECLIVE_MDE","A","L_A_0182","L_A_0182_FORA_01","","","DIFERENCA_FORA_POLIGONOS_AUDITORIA",59.9428571191595,85.6012705650752,287800.589006249,9196255.82185428,287800.205161291,9196195.88691763
"L_A_0183","N_A_0176","N_A_0022","TRONCO","TroncoA6_F001",53.2333058835006,47.8054962158203,45.7377471923828,3.88431450784346,0.8,"DECLIVE_MDE","A","L_A_0183","L_A_0183_FORA_01","","","DIFERENCA_FORA_POLIGONOS_AUDITORIA",53.2333058835799,100,288337.38668638,9196793.51541235,288313.101680684,9196746.14431832
"L_A_0184","N_A_0191","N_A_0022","TRONCO","TroncoA6_F001",68.4253105389861,46.4136505126953,45.7377471923828,0.987797227354045,0.8,"DECLIVE_MDE","A","L_A_0184","L_A_0184_FORA_01","","","DIFERENCA_FORA_POLIGONOS_AUDITORIA",68.4253105389991,100,288297.783773852,9196679.45560224,288313.101680684,9196746.14431832
"L_A_0185","N_A_0197","N_A_0191","TRONCO","TroncoA6_F002",63.6335514490735,47.2977714538574,46.4136505126953,1.3893943069792,0.8,"DECLIVE_MDE","A","L_A_0185","L_A_0185_FORA_01","","","DIFERENCA_FORA_POLIGONOS_AUDITORIA",63.6335514490608,100,288283.933955683,9196617.34753991,288297.783773852,9196679.45560224
"L_A_0186","N_A_0198","N_A_0190","TRONCO","TroncoA7_F001",129.796482930062,50.5832557678223,44.2774238586426,4.85824559096676,0.8,"DECLIVE_MDE","A","L_A_0186","L_A_0186_FORA_01","","","DIFERENCA_FORA_POLIGONOS_AUDITORIA",129.796482930018,100,288269.107557991,9196925.59303139,288267.987416049,9196795.81726132
"L_A_0187","N_A_0199","N_A_0200","TRONCO","TroncoA7_F002",127.556865228446,49.3962173461914,41.818229675293,5.94087010317066,0.8,"DECLIVE_MDE","A","L_A_0187","L_A_0187_FORA_01","","","DIFERENCA_FORA_POLIGONOS_AUDITORIA",127.556865228446,100,288193.092614295,9196919.87801997,288195.73845292,9196792.34859824
"L_B_0001","N_B_0001","N_B_0002","COLETOR","ColetorB1_F001",107.970382347293,121.685661315918,117.582778930664,3.80000727612204,0.6,"DECLIVE_MDE","B","L_B_0001","L_B_0001_FORA_01","","","DIFERENCA_FORA_POLIGONOS_AUDITORIA",107.970382347469,100,289147.004751271,9195815.23951205,289079.449904862,9195731.41078598
"L_B_0002","N_B_0002","N_B_0003","COLETOR","ColetorB1_F001",107.964871298457,117.582778930664,112.588607788086,4.62573713330539,0.6,"DECLIVE_MDE","B","L_B_0002","L_B_0002_FORA_01","","","DIFERENCA_FORA_POLIGONOS_AUDITORIA",107.964871298586,100,289079.449904862,9195731.41078598,289012.637969556,9195647.16959719
"L_B_0003","N_B_0004","N_B_0005","COLETOR","ColetorB1_F002",66.0172060088271,117.331367492676,115.797943115234,2.32276473081332,0.6,"DECLIVE_MDE","B","L_B_0003","L_B_0003_FORA_01","","","DIFERENCA_FORA_POLIGONOS_AUDITORIA",66.0172060088279,100,289078.001279931,9195716.81431521,289072.776630593,9195651.09168378
"L_B_0004","N_B_0006","N_B_0002","COLETOR","ColetorB1_F003",163.621297967615,121.737968444824,117.582778930664,2.5395162889996,0.6,"DECLIVE_MDE","B","L_B_0004","L_B_0004_FORA_01","","","DIFERENCA_FORA_POLIGONOS_AUDITORIA",163.621297967731,100,289131.235553064,9195860.32460222,289079.449904862,9195731.41078598
"L_B_0005","N_B_0002","N_B_0004","COLETOR","ColetorB1_F003",14.6681789353528,117.582778930664,117.331367492676,1.71399216696449,0.6,"DECLIVE_MDE","B","L_B_0005","L_B_0005_FORA_01","","","DIFERENCA_FORA_POLIGONOS_AUDITORIA",14.668178935347,100,289079.449904862,9195731.41078598,289078.001279931,9195716.81431521
"L_B_0006","N_B_0007","N_B_0008","COLETOR","ColetorB1_F004",281.699987667545,119.144546508789,109.521759033203,3.41597014442987,0.6,"DECLIVE_MDE","B","L_B_0006","L_B_0006_FORA_01","","","DIFERENCA_FORA_POLIGONOS_AUDITORIA",281.699987667696,100,289088.372967341,9195864.76961111,288950.811876116,9195682.09273426
"L_B_0007","N_B_0009","N_B_0010","COLETOR","ColetorB1_F005",388.516778750089,116.99341583252,98.5315399169922,4.75188638568499,0.6,"DECLIVE_MDE","B","L_B_0007","L_B_0007_FORA_01","","","DIFERENCA_FORA_POLIGONOS_AUDITORIA",380.959905232149,98.054942815576,288997.678910952,9196015.64591286,288822.005381904,9195759.68362569
"L_B_0009","N_B_0012","N_B_0010","COLETOR","ColetorB1_F006",307.735755219708,110.012054443359,98.5315399169922,3.73064043798572,0.6,"DECLIVE_MDE","B","L_B_0009","L_B_0009_FORA_01","","","DIFERENCA_FORA_POLIGONOS_AUDITORIA",301.836974694355,98.0831669945876,288925.355088529,9196048.09094997,288819.506634762,9195767.63859369
"L_B_0010","N_B_0013","N_B_0014","COLETOR","ColetorB1_F007",702.483361192465,107.858283996582,58.9167938232422,6.96692517958884,0.6,"DECLIVE_MDE","B","L_B_0010","L_B_0010_FORA_01","","","DIFERENCA_FORA_POLIGONOS_AUDITORIA",686.080054093969,97.664954359851,288852.93848536,9196073.22641691,288508.450622032,9195486.73190495
"L_B_0012","N_B_0017","N_B_0018","COLETOR","ColetorB1_F009",595.461006716964,100.972900390625,52.5598030090332,8.13035561279055,0.6,"DECLIVE_MDE","B","L_B_0012","L_B_0012_FORA_01","","","DIFERENCA_FORA_POLIGONOS_AUDITORIA",584.14659216997,98.099889930774,288701.099967517,9196079.89261413,288395.98790659,9195588.81777308
"L_B_0013","N_B_0019","N_B_0020","COLETOR","ColetorB1_F010",204.896967926444,92.2895812988281,70.556640625,10.6067653873873,0.6,"DECLIVE_MDE","B","L_B_0013","L_B_0013_FORA_01","","","DIFERENCA_FORA_POLIGONOS_AUDITORIA",204.896967927108,100,288609.995158654,9196071.67506401,288542.344900285,9195890.47781391
"L_B_0014","N_B_0020","N_B_0021","COLETOR","ColetorB1_F010",153.21334134073,70.556640625,57.6380882263184,8.43174118235054,0.6,"DECLIVE_MDE","B","L_B_0014","L_B_0014_FORA_01","","","DIFERENCA_FORA_POLIGONOS_AUDITORIA",153.213341340346,100,288542.344900285,9195890.47781391,288447.77088863,9195769.97438429
"L_B_0015","N_B_0021","N_B_0022","COLETOR","ColetorB1_F010",180.710757210456,57.6380882263184,49.8972396850586,4.2835571389061,0.6,"DECLIVE_MDE","B","L_B_0015","L_B_0015_FORA_01","","","DIFERENCA_FORA_POLIGONOS_AUDITORIA",165.845980873651,91.7742714565667,288447.77088863,9195769.97438429,288346.030374267,9195639.02870397
"L_B_0016","N_B_0023","N_B_0020","COLETOR","ColetorB1_F011",193.240828247514,84.9462738037109,70.556640625,7.44647666293372,0.6,"DECLIVE_MDE","B","L_B_0016","L_B_0016_FORA_01","","","DIFERENCA_FORA_POLIGONOS_AUDITORIA",193.240828247038,100,288563.776193149,9196065.31483025,288542.344900285,9195890.47781391
"L_B_0017","N_B_0024","N_B_0021","COLETOR","ColetorB1_F012",287.505385056806,72.5704574584961,57.6380882263184,5.19377027641668,0.6,"DECLIVE_MDE","B","L_B_0017","L_B_0017_FORA_01","","","DIFERENCA_FORA_POLIGONOS_AUDITORIA",287.505385056761,100,288486.729372388,9196053.99064094,288447.77088863,9195769.97438429
"L_B_0018","N_B_0025","N_B_0026","COLETOR","ColetorB1_F013",204.059261222637,61.7200584411621,50.7719802856445,5.36514642360329,0.6,"DECLIVE_MDE","B","L_B_0018","L_B_0018_FORA_01","","","DIFERENCA_FORA_POLIGONOS_AUDITORIA",204.059261222736,100,288405.290459512,9195982.07674712,288375.201982667,9195780.81727878
"L_B_0019","N_B_0027","N_B_0028","COLETOR","ColetorB1_F014",139.452513418782,55.4021224975586,49.7247314453125,4.07120023372878,0.6,"DECLIVE_MDE","B","L_B_0019","L_B_0019_FORA_01","","","DIFERENCA_FORA_POLIGONOS_AUDITORIA",139.452513418772,100,288319.295412522,9195919.6032055,288296.541200346,9195782.01959701
"L_B_0020","N_B_0029","N_B_0030","COLETOR","ColetorB1_F015",112.49564600513,53.561653137207,45.2447662353516,7.39307448527938,0.6,"DECLIVE_MDE","B","L_B_0020","L_B_0020_FORA_01","","","DIFERENCA_FORA_POLIGONOS_AUDITORIA",112.495646005154,100,288241.296730145,9195896.77409981,288217.695209321,9195786.78210653
"L_B_0021","N_B_0031","N_B_0032","COLETOR","ColetorB1_F016",103.003818740762,49.0353851318359,47.6506271362305,1.3443753955284,0.6,"DECLIVE_MDE","B","L_B_0021","L_B_0021_FORA_01","","","DIFERENCA_FORA_POLIGONOS_AUDITORIA",103.003818741008,100,288160.695378655,9195860.04714194,288191.090772777,9195785.83666019
"L_B_0022","N_B_0033","N_B_0034","COLETOR","ColetorB2_F001",314.17755033791,51.9670295715332,36.7199287414551,4.85302047001108,0.6,"DECLIVE_MDE","B","L_B_0022","L_B_0022_FORA_01","","","DIFERENCA_FORA_POLIGONOS_AUDITORIA",304.298469335165,96.8555738650544,288366.097570274,9195586.60520943,288128.837008583,9195396.58049355
"L_B_0024","N_B_0037","N_B_0038","COLETOR","ColetorB2_F003",267.200309227331,60.7061347961426,38.5033721923828,8.30940752574873,0.6,"DECLIVE_MDE","B","L_B_0024","L_B_0024_FORA_01","","","DIFERENCA_FORA_POLIGONOS_AUDITORIA",266.580985162156,99.7682173096475,288522.547728773,9195445.38111256,288332.171121602,9195258.81435756
"L_B_0025","N_B_0039","N_B_0040","COLETOR","ColetorB2_F004",337.171277653513,48.6414108276367,32.9324913024902,4.65903253517621,0.6,"DECLIVE_MDE","B","L_B_0025","L_B_0025_FORA_01","","","DIFERENCA_FORA_POLIGONOS_AUDITORIA",325.961975102968,96.6754871208161,288283.409374076,9195657.19951403,288022.021857955,9195462.45257014
"L_B_0026","N_B_0041","N_B_0005","TRONCO","TroncoB1_F001",51.8480477273255,118.571594238281,115.797943115234,5.34957678181791,0.8,"DECLIVE_MDE","B","L_B_0026","L_B_0026_FORA_01","","","DIFERENCA_FORA_POLIGONOS_AUDITORIA",51.8480477272674,100,289124.582947004,9195653.1714994,289072.776630593,9195651.09168378
"L_B_0027","N_B_0005","N_B_0003","TRONCO","TroncoB1_F001",60.2664194598455,115.797943115234,112.588607788086,5.32524639079772,0.8,"DECLIVE_MDE","B","L_B_0027","L_B_0027_FORA_01","","","DIFERENCA_FORA_POLIGONOS_AUDITORIA",60.2664194600779,100,289072.776630593,9195651.09168378,289012.637969556,9195647.16959719
"L_B_0028","N_B_0003","N_B_0008","TRONCO","TroncoB1_F001",73.5283600982955,112.588607788086,109.521759033203,4.17097396267635,0.8,"DECLIVE_MDE","B","L_B_0028","L_B_0028_FORA_01","","","DIFERENCA_FORA_POLIGONOS_AUDITORIA",73.5283600980964,100,289012.637969556,9195647.16959719,288950.811876116,9195682.09273426
"L_B_0029","N_B_0008","N_B_0011","TRONCO","TroncoB1_F001",602.886752523159,109.521759033203,62.8238906860352,7.74571147097384,0.8,"DECLIVE_MDE","B","L_B_0029","L_B_0029_FORA_01","","","DIFERENCA_FORA_POLIGONOS_AUDITORIA",591.288864089942,98.0762741286758,288950.811876116,9195682.09273426,288565.85365192,9195417.79346199
"L_B_0036","N_B_0038","N_B_0036","TRONCO","TroncoB2_F001",114.494723354845,38.5033721923828,37.277458190918,1.07071659334506,0.8,"DECLIVE_MDE","B","L_B_0036","L_B_0036_FORA_01","","","DIFERENCA_FORA_POLIGONOS_AUDITORIA",104.482133230686,91.2549767966998,288332.171121602,9195258.81435756,288244.346466724,9195315.41246848
"L_B_0040","N_B_0045","N_B_0026","TRONCO","TroncoB3_F001",67.9695845610309,56.9431190490723,50.7719802856445,9.07926509082394,0.8,"DECLIVE_MDE","B","L_B_0040","L_B_0040_FORA_01","","","DIFERENCA_FORA_POLIGONOS_AUDITORIA",67.9695845605664,100,288442.987411967,9195775.81727878,288375.201982667,9195780.81727878
"L_B_0041","N_B_0026","N_B_0028","TRONCO","TroncoB3_F001",78.6699704119568,50.7719802856445,49.7247314453125,1.33119262006595,0.8,"DECLIVE_MDE","B","L_B_0041","L_B_0041_FORA_01","","","DIFERENCA_FORA_POLIGONOS_AUDITORIA",78.6699704114912,100,288375.201982667,9195780.81727878,288296.541200346,9195782.01959701
"L_B_0042","N_B_0028","N_B_0030","TRONCO","TroncoB3_F001",78.989694249329,49.7247314453125,45.2447662353516,5.67158191019203,0.8,"DECLIVE_MDE","B","L_B_0042","L_B_0042_FORA_01","","","DIFERENCA_FORA_POLIGONOS_AUDITORIA",78.9896942496776,100,288296.541200346,9195782.01959701,288217.695209321,9195786.78210653
"L_B_0043","N_B_0032","N_B_0030","TRONCO","TroncoB3_F001",26.6212304865803,47.6506271362305,45.2447662353516,9.0373767737434,0.8,"DECLIVE_MDE","B","L_B_0043","L_B_0043_FORA_01","","","DIFERENCA_FORA_POLIGONOS_AUDITORIA",26.6212304866385,100,288191.090772777,9195785.83666019,288217.695209321,9195786.78210653
"L_B_0044","N_B_0032","N_B_0042","TRONCO","TroncoB3_F001",61.2034472538172,47.6506271362305,42.7981109619141,7.92850140318487,0.8,"DECLIVE_MDE","B","L_B_0044","L_B_0044_FORA_01","","","DIFERENCA_FORA_POLIGONOS_AUDITORIA",56.5641577231669,92.4198885208274,288191.090772777,9195785.83666019,288226.553628104,9195742.27880093
