BACIA,ID_LINK,NO_IN,NO_OUT,CLASSE,D_ATUAL_M,DPROP_M,DREQ25,DREQ50,DNOM25,DNOM50,COMPR_M,COTA_IN,COTA_OUT,DECL_PCT,Q25_CMS,Q50_CMS,V25_MPS,V50_MPS,STATUS_SW,CRITICO,DIM_STAT,SELEC_META,META_ID,FONTE_SEL,OVERLAP_M,META_HA,X_IN_M,Y_IN_M,X_OUT_M,Y_OUT_M
B,L_B_0007,N_B_0009,N_B_0010,COLETOR,0.6,0.5,0.40001153955739,0.42211016224389,0.5,0.5,388.516778750089,116.99341583251953,98.53153991699219,4.751886385684988,0.454,0.524,2.13,2.37,SEM_ALERTA_TRIAGEM,0,PRELIM_SWMM,SIM,META_01,POLIGONO,7.556888024132805,2.1210190442754335,288997.678910953,9196015.645912863,288815.41799777193,9195763.386693025
B,L_B_0008,N_B_0010,N_B_0011,COLETOR,0.6,0.8,0.600091928397294,0.600091928397294,0.8,0.8,427.15689525897756,98.53153991699219,62.823890686035156,8.359375589455983,1.776,1.776,6.28,6.28,VELOCIDADE_ALTA,1,PRELIM_SWMM,SIM,META_01,POLIGONO,427.15689525897756,2.1210190442754335,288815.41799777193,9195763.386693025,288556.8848321051,9195425.146780098
B,L_B_0009,N_B_0012,N_B_0010,COLETOR,0.6,0.5,0.407621436617193,0.429736990377657,0.5,0.5,307.7357552197082,110.01205444335938,98.53153991699219,3.730640437985721,0.423,0.487,1.73,1.87,SEM_ALERTA_TRIAGEM,0,PRELIM_SWMM,SIM,META_01,POLIGONO,5.898774380443187,2.1210190442754335,288925.3550885288,9196048.090949973,288815.41799777193,9195763.386693025
B,L_B_0010,N_B_0013,N_B_0014,COLETOR,0.6,0.4,0.377784258373561,0.397340897210235,0.4,0.4,702.483361192465,107.85828399658203,58.91679382324219,6.966925179588837,0.472,0.54,2.29,2.56,SEM_ALERTA_TRIAGEM,0,PRELIM_SWMM,SIM,META_01,POLIGONO,16.403296441393024,2.1210190442754335,288852.93848536117,9196073.226416912,288498.85808558326,9195473.42582633
B,L_B_0011,N_B_0015,N_B_0016,COLETOR,0.6,0.4,0.305788589404429,0.321166226686566,0.4,0.4,667.5763510532576,105.3758773803711,55.190128326416016,7.517604387090008,0.279,0.318,1.46,1.64,SEM_ALERTA_TRIAGEM,0,PRELIM_SWMM,SIM,META_01,POLIGONO,11.513548786013235,2.1210190442754335,288783.12362351007,9196094.459271872,288442.2923552901,9195528.21646639
B,L_B_0012,N_B_0017,N_B_0018,COLETOR,0.6,0.4,0.358377776478934,0.377536409870246,0.4,0.4,595.4610067169639,100.972900390625,52.5598030090332,8.130355612790552,0.443,0.509,2.19,2.47,SEM_ALERTA_TRIAGEM,0,PRELIM_SWMM,SIM,META_01,POLIGONO,11.314405188037007,2.1210190442754335,288701.09996751655,9196079.89261413,288387.98740739946,9195580.817273768
B,L_B_0015,N_B_0021,N_B_0022,COLETOR,0.6,0.8,0.600032523738191,0.600032523738191,0.8,0.8,180.71075721045634,57.63808822631836,49.897239685058594,4.283557138906096,1.271,1.271,4.49,4.49,VELOCIDADE_ALTA,1,PRELIM_SWMM,SIM,META_01,POLIGONO,14.864766816949713,2.1210190442754335,288447.77088863,9195769.974384291,288336.522805931,9195627.603270521
B,L_B_0022,N_B_0033,N_B_0034,COLETOR,0.6,0.4,0.366372962125906,0.383839013627661,0.4,0.4,314.17755033790985,51.9670295715332,36.71992874145508,4.853020470011078,0.363,0.411,1.78,1.95,SEM_ALERTA_TRIAGEM,0,PRELIM_SWMM,SIM,META_01,POLIGONO,2.732793713663684,2.1210190442754335,288368.1820436275,9195588.372431936,288123.4575222149,9195391.876166038
B,L_B_0024,N_B_0037,N_B_0038,COLETOR,0.6,0.4,0.322126097556058,0.338619896036539,0.4,0.4,267.20030922733145,60.70613479614258,38.50337219238281,8.309407525748732,0.337,0.385,1.74,1.95,SEM_ALERTA_TRIAGEM,0,PRELIM_SWMM,SIM,META_01,POLIGONO,0.6193342898773264,2.1210190442754335,288522.9874119761,9195445.817278786,288332.17112160224,9195258.814357556
B,L_B_0029,N_B_0008,N_B_0011,TRONCO,0.8,1.0,0.800060884877528,0.800060884877528,1.0,1.0,602.8867525231589,109.52175903320312,62.823890686035156,7.745711470973838,3.681,3.681,7.32,7.32,VELOCIDADE_ALTA,1,PRELIM_SWMM,SIM,META_01,POLIGONO,11.59790208555032,2.1210190442754335,288950.8118761161,9195682.092734257,288556.8848321051,9195425.146780098
B,L_B_0030,N_B_0011,N_B_0014,TRONCO,0.8,1.0,0.800097984167979,0.800097984167979,1.0,1.0,75.50547046859533,62.823890686035156,58.91679382324219,5.174587799460214,3.009,3.009,6.45,6.48,VELOCIDADE_ALTA,1,PRELIM_SWMM,SIM,META_01,POLIGONO,75.50547046859533,2.1210190442754335,288556.8848321051,9195425.146780098,288498.85808558326,9195473.42582633
B,L_B_0031,N_B_0014,N_B_0016,TRONCO,0.8,1.0,0.803768273280598,0.804595337632979,1.0,1.0,78.7508481336427,58.91679382324219,55.190128326416016,4.732222680956911,2.913,2.921,5.94,5.95,CAPACIDADE_PRELIM,1,PRELIM_SWMM,SIM,META_01,POLIGONO,78.7508481336427,2.1210190442754335,288498.85808558326,9195473.42582633,288442.2923552901,9195528.21646639
B,L_B_0032,N_B_0016,N_B_0018,TRONCO,0.8,1.0,0.858924825937728,0.859356844515934,1.0,1.0,75.6033884503842,55.190128326416016,52.5598030090332,3.479110356421394,2.981,2.985,5.93,5.94,CAPACIDADE_PRELIM,1,PRELIM_SWMM,SIM,META_01,POLIGONO,75.6033884503842,2.1210190442754335,288442.2923552901,9195528.21646639,288387.98740739946,9195580.817273768
B,L_B_0033,N_B_0018,N_B_0022,TRONCO,0.8,1.0,0.858367660627003,0.858676877088111,1.0,1.0,69.55238814410126,52.5598030090332,49.897239685058594,3.828140765574017,3.122,3.125,6.21,6.22,CAPACIDADE_PRELIM,1,PRELIM_SWMM,SIM,META_01,POLIGONO,69.55238814410126,2.1210190442754335,288387.98740739946,9195580.817273768,288336.522805931,9195627.603270521
B,L_B_0034,N_B_0022,N_B_0042,TRONCO,0.8,1.0,0.884072904520351,0.884162426358146,1.0,1.0,154.25500349808732,49.897239685058594,42.79811096191406,4.602203210369482,3.703,3.704,7.37,7.37,CAPACIDADE_PRELIM,1,PRELIM_SWMM,SIM,META_01,POLIGONO,154.25500349808732,2.1210190442754335,288336.522805931,9195627.603270521,288229.73836118355,9195738.905303843
B,L_B_0035,N_B_0042,N_B_0043,TRONCO,0.8,1.0,0.960319094921243,0.960229192835221,1.0,1.0,58.12980979554841,42.79811096191406,40.78421401977539,3.464482249678539,4.006,4.005,7.97,7.97,CAPACIDADE_PRELIM,1,PRELIM_SWMM,SIM,META_01,POLIGONO,58.12980979554841,2.1210190442754335,288229.73836118355,9195738.905303843,288188.43505635404,9195708.162422916
B,L_B_0044,N_B_0032,N_B_0042,TRONCO,0.8,0.4,0.317220071755568,0.317596147983992,0.4,0.4,61.2034472538172,47.65062713623047,42.79811096191406,7.928501403184867,0.316,0.317,1.42,1.49,SEM_ALERTA_TRIAGEM,0,PRELIM_SWMM,SIM,META_01,POLIGONO,4.639272650054852,2.1210190442754335,288191.0907727772,9195785.836660188,288229.73836118355,9195738.905303843
B,D_B_01,N_B_0043,O_B_DISS_01,DISSIPADOR,1.2,1.2,,,,,47.43592009331458,40.78421401977539,40.78421401977539,0.0,5.039,5.199,4.49,4.63,AUDITAR_COTA_SENTIDO,1,PRELIM_SWMM,SIM,META_01,POLIGONO,47.43592009331458,2.1210190442754335,288152.9874160467,9195739.684340874,288188.43505635404,9195708.162422916
B,L_B_0022,N_B_0033,N_B_0034,COLETOR,0.6,0.4,0.366372962125906,0.383839013627661,0.4,0.4,314.17755033790985,51.9670295715332,36.71992874145508,4.853020470011078,0.363,0.411,1.78,1.95,SEM_ALERTA_TRIAGEM,0,PRELIM_SWMM,SIM,META_02,POLIGONO,7.146284083381863,1.5326410894678277,288368.1820436275,9195588.372431936,288123.4575222149,9195391.876166038
B,L_B_0023,N_B_0035,N_B_0036,COLETOR,0.6,0.4,0.359952971646301,0.379068922539824,0.4,0.4,284.5513292071679,54.97315216064453,37.27745819091797,6.218805590903845,0.392,0.45,1.94,2.17,SEM_ALERTA_TRIAGEM,0,PRELIM_SWMM,SIM,META_02,POLIGONO,284.5513292071679,1.5326410894678277,288438.34968396154,9195520.74479668,288235.930173479,9195320.836301902
B,L_B_0025,N_B_0039,N_B_0040,COLETOR,0.6,0.5,0.390287731173965,0.412194766912337,0.4,0.5,337.1712776535128,48.64141082763672,32.932491302490234,4.659032535176213,0.421,0.487,2.01,2.27,SEM_ALERTA_TRIAGEM,0,PRELIM_SWMM,SIM,META_02,POLIGONO,11.20928942960334,1.5326410894678277,288283.4093740761,9195657.199514033,288012.9874160483,9195455.817261323
B,L_B_0036,N_B_0038,N_B_0036,TRONCO,0.8,1.0,0.919588823873596,0.926669660673153,1.0,1.0,114.49472335484492,38.50337219238281,37.27745819091797,1.070716593345058,1.984,2.025,3.95,4.03,CAPACIDADE_PRELIM,1,PRELIM_SWMM,SIM,META_02,POLIGONO,10.01260546262896,1.5326410894678277,288332.17112160224,9195258.814357556,288235.930173479,9195320.836301902
B,L_B_0037,N_B_0036,N_B_0034,TRONCO,0.8,1.5,1.203112685411559,1.205949108406102,1.5,1.5,133.0556967331609,37.27745819091797,36.71992874145508,0.419019600927722,2.54,2.556,5.05,5.08,CAPACIDADE_PRELIM,1,PRELIM_SWMM,SIM,META_02,POLIGONO,133.0556967331609,1.5326410894678277,288235.930173479,9195320.836301902,288123.4575222149,9195391.876166038
B,L_B_0038,N_B_0034,N_B_0040,TRONCO,0.8,1.0,0.937181203397847,0.939302252008587,1.0,1.0,127.72438826830773,36.71992874145508,32.932491302490234,2.965320476625545,3.473,3.494,6.91,6.95,CAPACIDADE_PRELIM,1,PRELIM_SWMM,SIM,META_02,POLIGONO,127.72438826830773,1.5326410894678277,288123.4575222149,9195391.876166038,288012.9874160483,9195455.817261323
B,L_B_0039,N_B_0040,N_B_0044,TRONCO,0.8,1.0,0.963007194760274,0.978388867688396,1.0,1.0,39.45357495072143,32.932491302490234,31.09372329711914,4.660586544230185,4.68,4.882,9.34,9.71,CAPACIDADE_PRELIM,1,PRELIM_SWMM,SIM,META_02,POLIGONO,39.45357495072143,1.5326410894678277,288012.9874160483,9195455.817261323,287974.8453236195,9195458.501090258
B,D_B_02,N_B_0044,O_B_DISS_02,DISSIPADOR,1.2,1.2,1.075816540876816,1.107390706522944,1.2,1.2,52.30110798222673,31.09372329711914,27.958951950073242,5.993699690092941,7.133,7.705,9.27,9.4,VELOCIDADE_ALTA,1,PRELIM_SWMM,SIM,META_02,POLIGONO,52.30110798222673,1.5326410894678277,287974.8453236209,9195458.50109026,287923.1117303856,9195450.817261323
B,L_B_0011,N_B_0015,N_B_0016,COLETOR,0.6,0.4,0.305788589404429,0.321166226686566,0.4,0.4,667.5763510532576,105.3758773803711,55.190128326416016,7.517604387090008,0.279,0.318,1.46,1.64,SEM_ALERTA_TRIAGEM,0,PRELIM_SWMM,SIM,META_03,POLIGONO,667.5763510532576,1.2220715082258067,288783.12362351007,9196094.459271872,288442.2923552901,9195528.21646639
B,L_B_0031,N_B_0014,N_B_0016,TRONCO,0.8,1.0,0.803768273280598,0.804595337632979,1.0,1.0,78.7508481336427,58.91679382324219,55.190128326416016,4.732222680956911,2.913,2.921,5.94,5.95,CAPACIDADE_PRELIM,1,PRELIM_SWMM,SIM,META_03,POLIGONO,5.337330105591016,1.2220715082258067,288498.85808558326,9195473.42582633,288442.2923552901,9195528.21646639
B,L_B_0032,N_B_0016,N_B_0018,TRONCO,0.8,1.0,0.858924825937728,0.859356844515934,1.0,1.0,75.6033884503842,55.190128326416016,52.5598030090332,3.479110356421394,2.981,2.985,5.93,5.94,CAPACIDADE_PRELIM,1,PRELIM_SWMM,SIM,META_03,POLIGONO,2.1749968478391786,1.2220715082258067,288442.2923552901,9195528.21646639,288387.98740739946,9195580.817273768
A,L_A_0028,N_A_0044,N_A_0043,COLETOR,0.6,0.5,0.388159883719322,0.40363669559934,0.4,0.5,411.23913105418467,96.90801239013672,88.61348724365234,2.016959117003749,0.273,0.303,2.73,2.81,SEM_ALERTA_TRIAGEM,0,PRELIM_SWMM,SIM,META_04,POLIGONO,6.577739659414088,1.73233097011453,288654.519206419,9196153.939375075,288828.7227119361,9196525.851794392
A,L_A_0079,N_A_0119,N_A_0120,COLETOR,0.6,0.4,0.348602621865021,0.365594016659133,0.4,0.4,63.36249454541312,40.287742614746094,37.49467849731445,4.40807158472872,0.303,0.344,1.75,1.87,SEM_ALERTA_TRIAGEM,0,PRELIM_SWMM,SIM,META_04,POLIGONO,11.120953739050325,1.73233097011453,287941.922271661,9196248.461191019,287933.2863159039,9196185.689971633
A,L_A_0080,N_A_0120,N_A_0121,COLETOR,0.6,0.6,,,,,2.193045120339944,37.49467849731445,37.49467849731445,0.0,0.593,0.63,2.91,2.95,AUDITAR_COTA_SENTIDO,1,PRELIM_SWMM,SIM,META_04,POLIGONO,2.193045120339944,1.73233097011453,287933.2863159039,9196185.689971633,287932.9874160457,9196183.517391192
A,L_A_0081,N_A_0122,N_A_0123,COLETOR,0.6,0.4,0.325880734158889,0.342557281325324,0.4,0.4,147.5584743293287,47.393653869628906,39.38004684448242,5.430800949636615,0.281,0.321,1.45,1.62,SEM_ALERTA_TRIAGEM,0,PRELIM_SWMM,SIM,META_04,POLIGONO,10.686887738254049,1.73233097011453,288028.7057785612,9196331.117189664,288002.9874160456,9196185.817261323
A,L_A_0082,N_A_0124,N_A_0125,COLETOR,0.6,0.3,0.277198586444149,0.290553664165232,0.3,0.3,145.58230691205034,50.39020538330078,42.04075241088867,5.735211338185628,0.187,0.212,1.43,1.47,SEM_ALERTA_TRIAGEM,0,PRELIM_SWMM,SIM,META_04,POLIGONO,6.088107267410728,1.73233097011453,288099.1909195336,9196329.847187122,288077.9874160455,9196185.817261323
A,L_A_0083,N_A_0126,N_A_0127,COLETOR,0.6,0.4,0.302355791211562,0.317178089479763,0.4,0.4,148.64194906498153,51.37482833862305,45.812713623046875,3.741954912838631,0.191,0.217,1.01,1.13,SEM_ALERTA_TRIAGEM,0,PRELIM_SWMM,SIM,META_04,POLIGONO,8.349076441931476,1.73233097011453,288171.7662730169,9196326.037179502,288147.9189573281,9196179.32066865
A,L_A_0084,N_A_0128,N_A_0129,COLETOR,0.6,0.4,0.326094192027541,0.365295367884153,0.4,0.4,150.7564072384951,53.586463928222656,49.53526306152344,2.687249544419203,0.198,0.268,1.02,1.16,SEM_ALERTA_TRIAGEM,0,PRELIM_SWMM,SIM,META_04,POLIGONO,8.105273235813224,1.73233097011453,288243.8389171639,9196324.132175691,288221.0685648662,9196175.105314422
A,L_A_0085,N_A_0130,N_A_0131,COLETOR,0.6,0.6,0.492632839204223,0.503020265148553,0.5,0.6,146.70019034838558,53.16545867919922,51.66538619995117,1.022542967180652,0.367,0.388,1.56,1.63,SEM_ALERTA_TRIAGEM,0,PRELIM_SWMM,SIM,META_04,POLIGONO,5.71787324098163,1.73233097011453,288312.8953052776,9196318.205497174,288288.45030167094,9196173.556308974
A,L_A_0086,N_A_0132,N_A_0131,COLETOR,0.6,0.8,0.605062282996945,0.627825447389862,0.8,0.8,2.777885010378409,51.70409393310547,51.66538619995117,1.393424602158893,0.744,0.821,2.63,2.9,CAPACIDADE_PRELIM,1,PRELIM_SWMM,SIM,META_04,POLIGONO,2.777885010378409,1.73233097011453,288287.9874160473,9196170.817261323,288288.45030167094,9196173.556308974
A,L_A_0087,N_A_0133,N_A_0134,COLETOR,0.6,0.6,0.556158318684512,0.553197361977951,0.6,0.6,144.47449399160928,55.44401550292969,54.98404312133789,0.318376184531583,0.283,0.279,2.19,2.18,SEM_ALERTA_TRIAGEM,0,PRELIM_SWMM,SIM,META_04,POLIGONO,4.674597200544279,1.73233097011453,288384.65044879063,9196313.760488283,288363.7705570142,9196170.802768892
A,L_A_0088,N_A_0134,N_A_0135,COLETOR,0.6,0.3,0.225945091204408,0.227640434185756,0.3,0.3,3.045974712913609,54.98404312133789,53.67177200317383,43.082140918655796,0.298,0.304,1.68,1.71,SEM_ALERTA_TRIAGEM,0,PRELIM_SWMM,SIM,META_04,POLIGONO,3.045974712913609,1.73233097011453,288363.7705570142,9196170.802768892,288363.1319836418,9196167.824483143
A,L_A_0089,N_A_0136,N_A_0135,COLETOR,0.6,0.3,0.242722789948672,0.23280714265231,0.3,0.3,5.243267147463402,55.70246505737305,53.67177200317383,38.72953631938498,0.342,0.306,1.71,1.56,SEM_ALERTA_TRIAGEM,0,PRELIM_SWMM,SIM,META_04,POLIGONO,5.243267147463402,1.73233097011453,288362.16270769655,9196162.671585461,288363.1319836418,9196167.824483143
A,L_A_0090,N_A_0137,N_A_0138,COLETOR,0.6,0.5,0.382308313770244,0.400212307519923,0.4,0.5,153.42034742871758,60.202003479003906,58.254493713378906,1.269394704330112,0.208,0.235,1.53,1.56,SEM_ALERTA_TRIAGEM,0,PRELIM_SWMM,SIM,META_04,POLIGONO,8.72175656538362,1.73233097011453,288454.50213467283,9196314.302542698,288433.3282477369,9196162.350347856
A,L_A_0091,N_A_0138,N_A_0139,COLETOR,0.6,0.6,,,,,2.469575675747997,58.254493713378906,58.254493713378906,0.0,0.183,0.817,0.91,2.89,AUDITAR_COTA_SENTIDO,1,PRELIM_SWMM,SIM,META_04,POLIGONO,2.469575675747997,1.73233097011453,288433.3282477369,9196162.350347856,288432.98741604766,9196159.90440473
A,L_A_0092,N_A_0141,N_A_0140,COLETOR,0.6,0.4,0.376250012779602,0.393048090336892,0.4,0.4,156.9965646652757,70.90380096435547,65.1036376953125,3.694452347673465,0.34,0.382,3.61,3.72,VELOCIDADE_ALTA,1,PRELIM_SWMM,SIM,META_04,POLIGONO,7.622806855924912,1.73233097011453,288504.5094357352,9196157.621790882,288527.98741604504,9196312.85292744
A,L_A_0093,N_A_0143,N_A_0142,COLETOR,0.6,0.4,0.362658234288679,0.378402765072605,0.4,0.4,157.46900508565847,84.38807678222656,70.5722885131836,8.77365565466524,0.475,0.532,5.42,5.59,VELOCIDADE_ALTA,1,PRELIM_SWMM,SIM,META_04,POLIGONO,6.68035480037963,1.73233097011453,288577.93060500425,9196155.35458483,288602.987416046,9196310.817261325
A,L_A_0098,N_A_0150,N_A_0151,COLETOR,0.6,0.4,0.37183062510453,0.389460908806235,0.4,0.4,90.05292304968324,30.225093841552734,27.665307998657227,2.842534985214466,0.289,0.327,1.41,1.57,SEM_ALERTA_TRIAGEM,0,PRELIM_SWMM,SIM,META_04,POLIGONO,7.062443311101856,1.73233097011453,287796.2559580371,9196095.834596312,287800.0751608065,9196185.80649548
A,L_A_0101,N_A_0121,N_A_0154,COLETOR,0.6,0.5,0.463118293906445,0.477632900740988,0.5,0.5,254.24079878134899,37.49467849731445,31.364458084106445,2.411186734226749,0.478,0.519,3.37,3.44,VELOCIDADE_ALTA,1,PRELIM_SWMM,SIM,META_04,POLIGONO,7.044154138419729,1.73233097011453,287932.9874160457,9196183.517391192,287875.8195096964,9195935.817261325
A,L_A_0102,N_A_0123,N_A_0155,COLETOR,0.6,0.8,0.640322662165902,0.647550988294375,0.8,0.8,314.0993922752514,39.38004684448242,36.293277740478516,0.982736413988,0.724,0.746,2.61,2.68,CAPACIDADE_PRELIM,1,PRELIM_SWMM,SIM,META_04,POLIGONO,10.516835630136416,1.73233097011453,288002.9874160456,9196185.817261323,287939.0950267433,9195878.317261323
A,L_A_0104,N_A_0158,N_A_0159,COLETOR,0.6,0.8,0.604136193862777,0.636356128663206,0.8,0.8,234.9823844271132,42.9881477355957,42.04075241088867,0.403177168797899,0.397,0.456,1.4,1.61,CAPACIDADE_PRELIM,1,PRELIM_SWMM,SIM,META_04,POLIGONO,9.727711254930588,1.73233097011453,288030.22217112273,9195953.317261323,288077.50979526783,9196183.492415486
A,L_A_0105,N_A_0159,N_A_0125,COLETOR,0.6,0.6,,,,,2.373400466646464,42.04075241088867,42.04075241088867,0.0,1.918,2.134,6.78,7.55,AUDITAR_COTA_SENTIDO,1,PRELIM_SWMM,SIM,META_04,POLIGONO,2.3734004666464643,1.73233097011453,288077.50979526783,9196183.492415486,288077.9874160455,9196185.817261323
A,L_A_0107,N_A_0161,N_A_0127,COLETOR,0.6,0.8,0.620482847137574,0.652005164090775,0.8,0.8,265.39056756100257,46.579673767089844,45.812713623046875,0.288992992890252,0.361,0.412,1.28,1.46,CAPACIDADE_PRELIM,1,PRELIM_SWMM,SIM,META_04,POLIGONO,9.690032055995351,1.73233097011453,288100.5088507311,9195918.199173667,288147.9189573281,9196179.32066865
A,L_A_0108,N_A_0129,N_A_0162,COLETOR,0.6,1.2,0.96235897012618,1.025259452668804,1.0,1.2,312.2287572375513,49.53526306152344,49.256107330322266,0.089407437569494,0.647,0.766,2.36,2.75,CAPACIDADE_PRELIM,1,PRELIM_SWMM,SIM,META_04,POLIGONO,9.810155704371809,1.73233097011453,288221.0685648662,9196175.105314422,288163.035063147,9195868.317261323
A,L_A_0109,N_A_0163,N_A_0132,COLETOR,0.6,0.6,0.520519753633174,0.547765254744648,0.6,0.6,246.0492986614718,54.474021911621094,51.70409393310547,1.125761379359445,0.446,0.511,1.76,1.81,SEM_ALERTA_TRIAGEM,0,PRELIM_SWMM,SIM,META_04,POLIGONO,9.458159402582158,1.73233097011453,288246.34600190463,9195928.317261323,288287.9874160473,9196170.817261323
A,L_A_0110,N_A_0164,N_A_0136,COLETOR,0.6,0.6,0.584670055382165,0.598233166750031,0.6,0.6,234.553429829649,56.054256439208984,55.70246505737305,0.149983473740476,0.222,0.236,1.76,1.74,SEM_ALERTA_TRIAGEM,0,PRELIM_SWMM,SIM,META_04,POLIGONO,5.671762130026018,1.73233097011453,288326.6819548251,9195930.817261325,288362.16270769655,9196162.671585461
A,L_A_0111,N_A_0136,N_A_0135,COLETOR,0.6,0.3,0.242722789948672,0.23280714265231,0.3,0.3,5.243267147463402,55.70246505737305,53.67177200317383,38.72953631938498,0.342,0.306,1.71,1.56,SEM_ALERTA_TRIAGEM,0,PRELIM_SWMM,SIM,META_04,POLIGONO,5.243267147463402,1.73233097011453,288362.16270769655,9196162.671585461,288363.1319836418,9196167.824483143
A,L_A_0112,N_A_0134,N_A_0135,COLETOR,0.6,0.3,0.225945091204408,0.227640434185756,0.3,0.3,3.045974712913609,54.98404312133789,53.67177200317383,43.082140918655796,0.298,0.304,1.68,1.71,SEM_ALERTA_TRIAGEM,0,PRELIM_SWMM,SIM,META_04,POLIGONO,3.045974712913609,1.73233097011453,288363.7705570142,9196170.802768892,288363.1319836418,9196167.824483143
A,L_A_0114,N_A_0167,N_A_0139,COLETOR,0.6,0.4,0.380861218525546,0.39958390104683,0.4,0.4,158.34448518582582,62.374935150146484,58.254493713378906,2.602200785162816,0.293,0.333,2.43,2.48,SEM_ALERTA_TRIAGEM,0,PRELIM_SWMM,SIM,META_04,POLIGONO,7.094834938418108,1.73233097011453,288409.462057206,9196003.317261323,288432.98741604766,9196159.90440473
A,L_A_0116,N_A_0170,N_A_0141,COLETOR,0.6,0.4,0.287137350523562,0.300280100876141,0.3,0.4,85.49724167623945,73.23297882080078,70.90380096435547,2.724272515440243,0.142,0.16,1.91,1.97,SEM_ALERTA_TRIAGEM,0,PRELIM_SWMM,SIM,META_04,POLIGONO,8.757512923686383,1.73233097011453,288490.2783208771,9196073.317261323,288504.5094357352,9196157.621790882
A,L_A_0117,N_A_0171,N_A_0143,COLETOR,0.6,0.4,0.305474072210843,0.32009115735109,0.4,0.4,83.06588504059255,85.41775512695312,84.38807678222656,1.239592335919109,0.113,0.128,1.52,1.56,SEM_ALERTA_TRIAGEM,0,PRELIM_SWMM,SIM,META_04,POLIGONO,9.656897888545323,1.73233097011453,288564.89915038634,9196073.317261323,288577.93060500425,9196155.35458483
A,L_A_0119,N_A_0044,N_A_0174,COLETOR,0.6,0.5,0.388260514445101,0.40374918694746,0.4,0.5,46.324798006313344,96.90801239013672,95.08096313476562,3.943998320558453,0.382,0.424,3.82,3.92,VELOCIDADE_ALTA,1,PRELIM_SWMM,SIM,META_04,POLIGONO,9.262309199793872,1.73233097011453,288654.519206419,9196153.939375075,288632.25194828724,9196113.317261323
A,L_A_0146,N_A_0028,N_A_0044,TRONCO,0.8,0.6,0.545887775367318,0.566882274932062,0.6,0.6,70.0026595952465,102.05509185791016,96.90801239013672,7.352691308492725,1.294,1.431,7.77,7.99,VELOCIDADE_ALTA,1,PRELIM_SWMM,SIM,META_04,POLIGONO,8.291136436266745,1.73233097011453,288720.30405752425,9196130.007686554,288654.519206419,9196153.939375075
A,L_A_0147,N_A_0044,N_A_0143,TRONCO,0.8,0.5,0.416871498338945,0.434690627842128,0.5,0.5,76.60167547331872,96.90801239013672,84.38807678222656,16.344205959660766,0.94,1.051,8.36,8.61,VELOCIDADE_ALTA,1,PRELIM_SWMM,SIM,META_04,POLIGONO,76.60167547331872,1.73233097011453,288654.519206419,9196153.939375075,288577.93060500425,9196155.35458483
A,L_A_0148,N_A_0143,N_A_0141,TRONCO,0.8,0.5,0.394021270065811,0.41195483160276,0.4,0.5,73.48066620300405,84.38807678222656,70.90380096435547,18.35078057215522,0.857,0.965,7.88,8.13,VELOCIDADE_ALTA,1,PRELIM_SWMM,SIM,META_04,POLIGONO,73.48066620300405,1.73233097011453,288577.93060500425,9196155.35458483,288504.5094357352,9196157.621790882
A,L_A_0149,N_A_0141,N_A_0138,TRONCO,0.8,0.5,0.409236159377703,0.428709103242936,0.5,0.5,71.33987369823515,70.90380096435547,58.254493713378906,17.731048003368542,0.932,1.055,5.69,5.73,VELOCIDADE_ALTA,1,PRELIM_SWMM,SIM,META_04,POLIGONO,71.33987369823515,1.73233097011453,288504.5094357352,9196157.621790882,288433.3282477369,9196162.350347856
A,L_A_0150,N_A_0138,N_A_0135,TRONCO,0.8,0.6,0.56636448052297,0.572166150774472,0.6,0.6,70.40938609338839,58.254493713378906,53.67177200317383,6.508680112800197,1.343,1.38,4.0,3.99,VELOCIDADE_ALTA,1,PRELIM_SWMM,SIM,META_04,POLIGONO,70.40938609338839,1.73233097011453,288433.3282477369,9196162.350347856,288363.1319836418,9196167.824483143
A,L_A_0151,N_A_0135,N_A_0131,TRONCO,0.8,0.8,0.768401500498374,0.765278193122882,0.8,0.8,74.90378014666575,53.67177200317383,51.66538619995117,2.67861755347199,1.944,1.923,3.98,3.99,VELOCIDADE_ALTA,1,PRELIM_SWMM,SIM,META_04,POLIGONO,74.90378014666575,1.73233097011453,288363.1319836418,9196167.824483143,288288.45030167094,9196173.556308974
A,L_A_0152,N_A_0131,N_A_0129,TRONCO,0.8,1.0,0.868886324812831,0.882063891797163,1.0,1.0,67.39953911342818,51.66538619995117,49.53526306152344,3.160441698040253,2.93,3.05,5.83,6.07,CAPACIDADE_PRELIM,1,PRELIM_SWMM,SIM,META_04,POLIGONO,67.39953911342818,1.73233097011453,288288.45030167094,9196173.556308974,288221.0685648662,9196175.105314422
A,L_A_0153,N_A_0129,N_A_0127,TRONCO,0.8,0.8,0.788157518958105,0.794105533483724,0.8,0.8,73.27934693833907,49.53526306152344,45.812713623046875,5.079943522980496,2.864,2.922,5.98,6.03,VELOCIDADE_ALTA,1,PRELIM_SWMM,SIM,META_04,POLIGONO,73.27934693833907,1.73233097011453,288221.0685648662,9196175.105314422,288147.9189573281,9196179.32066865
A,L_A_0154,N_A_0127,N_A_0159,TRONCO,0.8,1.0,0.876143670072877,0.891269541257987,1.0,1.0,70.53265352319414,45.812713623046875,42.04075241088867,5.347822637805369,3.897,4.079,7.75,8.11,CAPACIDADE_PRELIM,1,PRELIM_SWMM,SIM,META_04,POLIGONO,70.53265352319414,1.73233097011453,288147.9189573281,9196179.32066865,288077.50979526783,9196183.492415486
A,L_A_0155,N_A_0159,N_A_0123,TRONCO,0.8,1.0,0.82085086632791,0.8225739390643,1.0,1.0,74.59069799273485,42.04075241088867,39.38004684448242,3.567074230442787,2.675,2.69,5.55,5.56,CAPACIDADE_PRELIM,1,PRELIM_SWMM,SIM,META_04,POLIGONO,74.59069799273485,1.73233097011453,288077.50979526783,9196183.492415486,288002.9874160456,9196185.817261323
A,L_A_0156,N_A_0123,N_A_0120,TRONCO,0.8,1.0,0.852712397160981,0.86666175202097,1.0,1.0,69.70122535328709,39.38004684448242,37.49467849731445,2.704928554142062,2.578,2.692,5.86,6.02,CAPACIDADE_PRELIM,1,PRELIM_SWMM,SIM,META_04,POLIGONO,69.70122535328709,1.73233097011453,288002.9874160456,9196185.817261323,287933.2863159039,9196185.689971633
A,L_A_0157,N_A_0120,N_A_0151,TRONCO,0.8,0.8,0.714060850321706,0.73030423923898,0.8,0.8,133.21291190140047,37.49467849731445,27.665307998657227,7.378692018933256,2.653,2.817,6.67,6.68,VELOCIDADE_ALTA,1,PRELIM_SWMM,SIM,META_04,POLIGONO,133.21291190140047,1.73233097011453,287933.2863159039,9196185.689971633,287800.0751608065,9196185.80649548
A,L_A_0158,N_A_0151,N_A_0193,TRONCO,0.8,1.0,0.854226961406405,0.884272638054853,1.0,1.0,20.214522928489433,27.665307998657227,25.919466018676758,8.636572755916777,4.629,5.076,9.21,10.1,CAPACIDADE_PRELIM,1,PRELIM_SWMM,SIM,META_04,POLIGONO,20.214522928489433,1.73233097011453,287800.0751608065,9196185.80649548,287779.8632348196,9196186.09616051
A,L_A_0182,N_A_0118,N_A_0151,TRONCO,0.8,0.6,0.569597662063774,0.599643374590087,0.6,0.6,70.02566284760444,33.01202392578125,27.665307998657227,7.635366392403858,1.477,1.694,3.81,4.25,VELOCIDADE_ALTA,1,PRELIM_SWMM,SIM,META_04,POLIGONO,10.082788256426591,1.73233097011453,287800.5890062494,9196255.821854284,287800.0751608065,9196185.80649548
